Price,Close,High,Low,Open,Volume
Ticker,RELIANCE.NS,RELIANCE.NS,RELIANCE.NS,RELIANCE.NS,RELIANCE.NS
Date,,,,,
2020-01-01,675.32421875,683.1529137163456,673.490123328754,679.0819971118469,14004468
2020-01-02,686.8212280273438,689.3487905881979,676.397899264457,676.397899264457,17710316
2020-01-03,687.6488037109375,689.6618949086101,681.3187290426969,685.7922517653002,20984698
2020-01-06,671.7006225585938,683.5107049345103,670.1348718060082,679.9766568901101,24519177
2020-01-07,682.0344848632812,686.4632732386915,677.0688284082713,679.5292597584985,16683622
2020-01-08,676.912353515625,686.440941615489,675.5032015883575,677.7399630034671,16047902
2020-01-09,692.5025634765625,693.3972440896104,685.0094043047601,688.2974451452224,14982742
2020-01-10,692.345947265625,696.9536717580928,688.7671054525405,694.2471733835102,12478359
2020-01-13,690.5789794921875,697.2892636445985,688.2080160085029,691.182918802657,18282382
2020-01-14,684.1819458007812,693.3973970480666,680.80443615396,688.9238735459851,15816535
2020-01-15,681.6990356445312,688.8790573291237,679.1938699492092,687.0672990416617,15817859
2020-01-16,687.9842529296875,690.4223472080394,683.5554644082378,684.0028644434916,12847975
2020-01-17,707.2652587890625,709.0322829800654,694.8288390890643,694.9630411899628,29463471
2020-01-20,685.5015258789062,719.7911481994419,682.839761284159,719.7911481994419,32545850
2020-01-21,686.1950073242188,691.5408742450458,680.8714775601642,683.8240435553602,18922720
2020-01-22,685.9489135742188,691.9434536836012,684.9423678831845,690.71323780845,10322817
2020-01-23,683.0411376953125,689.796156393504,680.2899048582964,687.3580618125278,11247739
2020-01-24,680.6700439453125,687.2908592684342,679.3279633794755,683.1080783353278,14628445
2020-01-27,673.9597778320312,681.9674086637826,673.2663704558863,677.6952189115842,13387750
2020-01-28,658.3919677734375,675.5032444510476,654.7460541997162,674.8769082130656,24532236
2020-01-29,662.0155029296875,668.5244541677285,654.9472866809749,659.4208095162297,24746565
2020-01-30,645.8660888671875,661.9484232186644,644.1885326054595,661.6352849574768,22402689
2020-01-31,631.5060424804688,650.115939458839,629.5153479649114,650.004074503463,34750310
2020-02-03,619.8076782226562,626.2719547408867,609.7646194987522,612.8289902103342,30712290
2020-02-04,638.1044921875,640.8333280510134,625.3101998110101,626.2943485822723,25383901
2020-02-05,647.9909057617188,649.9145288544571,639.849132797698,641.9068982608502,18472100
2020-02-06,652.1513671875,656.267018049872,644.2332634474068,650.496207815146,15538577
2020-02-07,641.3477783203125,649.7132815022266,638.9544179355763,649.109342186217,12209212
2020-02-10,642.2200927734375,646.6488813487252,630.9691553464403,638.8201869242226,15142476
2020-02-11,649.8922119140625,655.9090886918525,646.4475719077193,647.4988515504008,13999816
2020-02-12,657.7432861328125,659.7787743619559,650.8987994375913,651.4132707150139,13533565
2020-02-13,659.465576171875,661.076061195236,654.2986456938107,661.076061195236,13565659
2020-02-14,665.4825439453125,671.6783575404241,650.0488229864293,660.8524216851458,21227841
2020-02-17,661.2996826171875,673.7808361092095,659.5326584603905,666.1087404521531,13149130
2020-02-18,656.4458618164062,660.248373884015,651.9723392868693,660.248373884015,11127161
2020-02-19,672.7296142578125,673.9150960904617,659.8905874009041,661.7918138192991,14084409
2020-02-20,664.7442626953125,674.6083847941769,663.7824512149808,669.68752218318,16892268
2020-02-24,646.4029541015625,660.7406025323996,643.98725614945,657.4972949547915,21370214
2020-02-25,633.6309204101562,649.2882495489266,630.7678229370605,649.2882495489266,27745062
2020-02-26,622.7155151367188,631.8191601622372,620.6353526146177,630.7678804610105,29362748
2020-02-27,620.1432495117188,623.5207586374837,612.4263599498594,620.9260652375485,25054993
2020-02-28,594.3756713867188,607.0581581658521,592.7428492925397,606.1186837322065,39315769
2020-03-02,588.7837524414062,612.4263145698782,582.0510718430629,606.2081051825395,29500495
2020-03-03,600.72802734375,605.6712869241514,591.4007134151205,594.8453531423023,27398798
2020-03-04,599.3189697265625,605.6266480626504,585.0931280116588,604.821435403794,22105261
2020-03-05,586.5469970703125,607.4831207123542,584.2431048990697,604.9108243565992,30510390
2020-03-06,568.585693359375,576.2578480858582,555.2098603549766,568.1383530699313,33734039
2020-03-09,498.41845703125,555.1651920392663,489.85165057435484,554.7401888514859,88187018
2020-03-11,516.044189453125,527.183262933386,495.6672390040311,495.6672390040311,59578576
2020-03-12,475.5363464355469,492.5357574215292,469.13920029845366,485.3781326945414,55970485
2020-03-13,494.4593811035156,509.98250923399024,421.58557799627334,446.45838815033005,73297403
2020-03-16,454.3765563964844,483.00714524632815,449.58986531183916,474.4403385952524,38482258
2020-03-17,450.9319152832031,474.19426900063905,448.78462201274766,468.49050072051966,45445979
2020-03-18,433.2615051269531,463.41311163950786,429.9063628131876,458.6711544738802,44730415
2020-03-19,410.5359191894531,432.59042415452996,399.12841250234374,411.6095658236809,61404010
2020-03-20,455.3830871582031,462.9657149231966,416.03836966442924,420.2882223245293,63360475
2020-03-23,395.4825439453125,424.98547763271785,391.7247653699988,409.86492511955976,40670949
2020-03-24,422.0329284667969,433.9325104811008,400.73893016882965,416.03838849257653,45734887
2020-03-25,484.14788818359375,515.1494403179707,430.91289363718744,431.15893082862937,73130298
2020-03-26,476.9678649902344,499.6486775382283,466.2984990986507,490.20952746231364,45744488
2020-03-27,476.699462890625,495.3540929516579,468.0208212280606,489.8516573515531,41657940
2020-03-30,460.97503662109375,480.81514997134894,456.30021017423684,465.51569081571824,30229866
2020-03-31,498.2395324707031,505.41952430798887,468.8260681247117,480.4348787671312,44292810
2020-04-01,483.3426513671875,503.093264271414,467.5734569491014,502.0419846435416,41597459
2020-04-03,482.0005798339844,507.4997254458984,472.5390630031507,507.4997254458984,41367807
2020-04-07,539.5526123046875,543.086660841312,492.08842686836795,493.0278714782651,54373624
2020-04-08,533.31201171875,549.7970116946221,518.9296308909336,527.8766770166352,49880330
2020-04-09,545.7484130859375,551.4968858405396,533.6922622821191,543.0866484415843,33032857
2020-04-13,531.9700317382812,543.5341094585195,527.8767178037374,538.5908487718674,23673784
2020-04-15,514.3889770507812,552.928454098454,511.32460598764607,535.5040393591676,35321842
2020-04-16,522.5308227539062,531.2094648682425,512.2193584197375,514.3889890858135,37455706
2020-04-17,547.5601196289062,550.2442808995188,533.535612903734,543.9813374764348,33269335
2020-04-20,556.4177856445312,562.3227974116861,537.7184224485133,548.4548889228998,36030932
2020-04-21,553.5322875976562,560.0859719515005,520.7189526258386,541.2971428403878,61371628
2020-04-22,610.0106201171875,619.5392672425052,581.5590002828025,590.506045286382,142683366
2020-04-23,613.2764282226562,619.964375961398,605.4029986108286,611.6883400063555,65464502
2020-04-24,633.8993530273438,668.7705176942633,602.6741016877038,603.9937855419026,134986308
2020-04-27,639.6030883789062,659.8458058753123,636.5834515375906,641.5043146604703,58482901
2020-04-28,638.8873901367188,651.1000807620374,622.7826591494636,648.6620459031445,78453401
2020-04-29,638.3504028320312,650.2947467333179,635.2412982789344,646.3804296711473,37494672
2020-04-30,655.8197021484375,668.7705945819996,643.3162098274911,650.4291011653437,71345899
2020-05-04,642.0411987304688,655.3722993617022,634.100638844068,644.1884921115068,53456868
2020-05-05,653.4262084960938,661.6351717003255,647.4093321949724,650.3171635725639,44903763
2020-05-06,653.4710693359375,664.2970042488814,646.6489200756587,654.9249553114857,40489094
2020-05-07,674.138671875,677.1359713581347,646.4251935136327,650.8987159981552,50026966
2020-05-08,698.6761474609375,706.7731874423821,687.6264818225529,691.1605902433332,84262770
2020-05-11,705.3862915039062,722.4751682585187,703.3732004884412,706.8177804215668,67085063
2020-05-12,661.7469482421875,701.6061614380963,655.3721999800076,700.0180138666377,100683202
2020-05-13,675.7871704101562,689.5833490177412,656.6169951579172,689.5833490177412,66430125
2020-05-14,648.4657592773438,675.9000855316069,645.8013667337839,663.3909205122524,49266771
2020-05-15,659.0557250976562,662.352366946693,639.0501134333077,652.1011647623593,62152260
2020-05-18,650.6334838867188,669.2617172227509,644.8756934578628,663.8426273750064,62796089
2020-05-19,636.2500610351562,660.0942539879958,633.6986088181669,657.9717467574862,42315854
2020-05-20,647.44970703125,653.3881649537279,629.0698124523583,636.7469251931129,55320985
2020-05-21,650.8592529296875,659.981412669229,643.5208404585119,648.0367682176926,39167981
2020-05-22,646.4788208007812,658.4234659784153,644.1982807272651,655.6236168765307,37828973
2020-05-26,643.0918579101562,654.6752261523151,639.5919719683144,653.9752489639468,33216635
2020-05-27,652.8010864257812,656.61703698639,637.6501047337907,646.2303793438942,35667956
2020-05-28,664.858642578125,668.2455885276171,654.3591041621977,657.0686489767882,40126278
2020-05-29,661.313720703125,664.7458190579986,656.007510901674,662.9394357856911,40022527
2020-06-01,686.580322265625,694.7090163146383,666.5295595380629,668.3585186853417,39943702
2020-06-02,693.5122680664062,695.454167278361,686.7835281692161,689.1318561237848,22153960
2020-06-03,696.19921875,704.4859445214847,692.4509368094127,697.712053268636,25381289
2020-06-04,713.4275512695312,717.8080227909754,695.9057249087699,697.2604674305974,34202350
2020-06-05,714.2855224609375,730.6783659768879,710.6727564801458,720.291708575871,33076685
2020-06-08,708.7760620117188,730.8590266524802,706.7439184964705,730.8590266524802,31414953
2020-06-09,694.1670532226562,714.8726404733965,692.29294201313,704.6214390965813,25857161
2020-06-10,709.972900390625,713.3146942802665,695.4767428311673,696.8540614537437,22132647
2020-06-11,694.4154052734375,708.0760679196416,691.3897362648564,707.1954823716251,20385805
2020-06-12,717.4918823242188,719.3885695925972,676.0355556331963,677.3903578499011,38548899
2020-06-15,729.1204833984375,734.7202416055604,704.9827954950456,706.7440266277353,53107403
2020-06-16,730.5429077148438,744.474543171046,715.9112353938917,741.9682427707079,51187003
2020-06-17,729.481689453125,738.5586972066078,723.4980791176175,726.2753520321108,41782053
2020-06-18,747.793701171875,751.9031997400788,725.0785489207035,725.7107978465832,40471557
2020-06-19,794.5338134765625,807.810625482609,750.5486065093829,754.1613131856782,105804173
2020-06-22,788.5501098632812,814.7650899304879,783.5148135515716,800.8560305108304,60198705
2020-06-23,777.1473999023438,796.4981855618333,774.9797401799827,790.2887548472605,37962078
2020-06-24,780.285888671875,800.5398941664224,772.9926883895107,783.9212306484618,51586221
2020-06-25,775.7925415039062,789.8371168459703,773.6023058840819,779.9020403666149,39679374
2020-06-26,786.5178833007812,791.1919028764127,775.3860969939733,780.7149415817722,30921913
2020-06-29,778.1634521484375,785.6598967514907,774.7313543352946,780.3762638421109,25621946
2020-06-30,769.5606079101562,786.2243641857787,765.6994455798191,784.418040909027,30276420
2020-07-01,784.6889038085938,789.8370801059237,771.3443062214384,776.7408788298266,28464103
2020-07-02,798.19775390625,801.4851428535685,786.7259244633,790.3307243392775,28789533
2020-07-03,810.689697265625,813.0022452904714,801.6664242784979,807.0168938963399,29434266
2020-07-06,839.6640625,842.4753051236336,812.5941809641026,818.4434654093601,47016185
2020-07-07,826.8092041015625,845.3545651080822,819.0329064848479,843.3821557977242,35189589
2020-07-08,815.2694702148438,832.0237061429656,811.6420023700266,827.0813186844387,26204095
2020-07-09,827.1719360351562,832.0463193953086,809.9415548565688,820.257139626406,36418942
2020-07-10,851.5665893554688,854.5365672443328,827.1719444149811,829.0990778284718,43759967
2020-07-13,877.3895874023438,883.1481404304513,861.51945974015,863.03845073437,69608392
2020-07-14,869.2277221679688,880.4274760561808,855.7608159923657,876.9360759259316,67331128
2020-07-15,836.1272583007812,897.2498214760561,815.2694681656544,878.7271275560773,139669773
2020-07-16,835.855224609375,847.463061457531,821.8214999600007,837.4875551151266,60961724
2020-07-17,866.8245239257812,870.5879989548259,833.4066071401047,836.5806561826539,49726765
2020-07-20,870.5426025390625,876.0291396123432,861.3606541786958,869.5904298045907,36592938
2020-07-21,893.9623413085938,896.4335647635958,878.0696081666921,879.2031842537095,42173371
2020-07-22,908.6762084960938,911.396779069445,889.0426086044159,899.154121537288,59771457
2020-07-23,933.0709228515625,943.0010338235651,902.9403911340319,908.6536081303097,58333751
2020-07-24,973.1314697265625,980.771759562493,933.0708309814001,933.161502678431,120597372
2020-07-27,977.6884155273438,997.0046048083541,964.8563318326538,987.9359961186242,80304827
2020-07-28,987.4371948242188,994.8281373893102,975.1718690276076,977.6884283611794,55114422
2020-07-29,950.6866455078125,989.7497164572247,938.806733983119,987.5279599955765,72663399
2020-07-30,956.2184448242188,970.2067721069309,939.50948704219,951.7521443849641,72857444
2020-07-31,937.2877807617188,965.3551702803413,930.803734578172,958.7804523943249,74958061
2020-08-03,910.943359375,932.7080438678015,908.2680646839153,930.1234808378756,46715383
2020-08-04,975.1492919921875,982.5855710982528,906.9759241686489,916.2032692730761,92041055
2020-08-05,964.1989135742188,995.7350350128565,960.5034420662862,983.4924363615606,74549993
2020-08-06,967.6676025390625,982.9029063632007,955.7423553761497,978.0511909769217,49322975
2020-08-07,973.2675170898438,978.41397565965,961.3649973579197,965.7178986420788,32984416
2020-08-10,961.2062377929688,981.6786719644749,955.8784359553779,979.0034370833714,26958997
2020-08-11,967.5315551757812,979.4114660011795,952.3642557487519,967.9849736113041,46828306
2020-08-12,964.7203369140625,972.6100942320181,955.2889807683499,961.727691023823,30264617
2020-08-13,962.203857421875,969.8441477839456,956.7399877786922,964.9017603707093,24830322
2020-08-14,958.4630126953125,978.0512181796919,947.331262509623,962.4304992398274,33224635
2020-08-17,948.2835083007812,954.4728113825545,938.6480809006554,954.4728113825545,30979066
2020-08-18,960.6167602539062,967.7582955179747,944.2025451178334,945.4041249622031,30547672
2020-08-19,966.5114135742188,976.6909912734272,961.8864371354927,970.7963711289713,34087543
2020-08-20,950.8679809570312,963.0426353692126,946.7644269706007,961.2742374165047,22537845
2020-08-21,943.9758911132812,962.1811736813316,941.7767425366628,960.3674398053548,25280895
2020-08-24,950.278564453125,954.2460509640609,938.8294034471639,948.3061551600297,32717218
2020-08-25,944.0892333984375,957.3294607463159,942.2301636663344,954.9262408658594,19388008
2020-08-26,969.11865234375,973.9477001185352,928.1738418761494,945.404223995661,59870421
2020-08-27,957.0120239257812,974.8772272109728,953.6792992534803,973.9703303109421,28085062
2020-08-28,959.528564453125,967.1235185049004,955.0395957954092,961.2742345079785,27166900
2020-08-31,943.4544067382812,985.7595292256586,934.2270624878475,985.7595292256586,62076132
2020-09-01,946.4244384765625,962.3625085827924,935.1566206196067,952.2056589351107,38616258
2020-09-02,964.992431640625,969.4360647157956,945.4042254030269,948.5782147606872,26949439
2020-09-03,957.6921997070312,969.7761228830589,953.5659776492615,964.9017393534515,18586429
2020-09-04,941.89013671875,950.8227390952824,939.6003163077191,944.7467752348789,28475945
2020-09-07,944.338623046875,954.8128835439741,926.9268380792043,944.950776960414,21926473
2020-09-08,955.425048828125,961.7276915670202,943.3637335909106,948.578195976428,27397082
2020-09-09,980.0236206054688,982.948262646231,943.7944599093832,945.4041824088742,55310877
2020-09-10,1049.239990234375,1063.2737150092375,986.3716977544623,989.8858259136236,140304404
2020-09-11,1051.84716796875,1060.0542764084548,1037.042733630043,1048.3331597240744,59470807
2020-09-14,1044.048095703125,1070.097737564955,1034.7300199764575,1054.2276724587873,44063445
2020-09-15,1051.439208984375,1054.5678626798037,1037.5188229090886,1048.3105552889465,27178393
2020-09-16,1054.023681640625,1074.3373820752818,1047.675702726847,1051.9605405191994,33952295
2020-09-17,1042.3250732421875,1058.1724701146538,1039.19630018031,1051.960379773106,25828669
2020-09-18,1045.4764404296875,1051.7110790333331,1032.2588818564082,1049.3532551234189,33074915
2020-09-21,1022.8728637695312,1059.215300889657,1019.0185972834089,1042.8917579068893,33627381
2020-09-22,1002.6045532226562,1032.4629482711289,998.2515919553894,1032.4629482711289,34792254
2020-09-23,1011.5144653320312,1032.349647647501,999.9520239691242,1024.7546930361625,42988708
2020-09-24,989.0242919921875,1009.3379310241465,986.6890759494188,1001.1308828752752,29826318
2020-09-25,998.3196411132812,1003.3527603033637,982.7216491326262,992.5610883137335,28374935
2020-09-28,1004.9170532226562,1014.7792199657465,1000.7454952765087,1009.7914367963479,19666849
2020-09-29,1017.975830078125,1026.5682927534233,1004.9170066954657,1008.8845531281477,25842539
2020-09-30,1013.1241455078125,1027.928578554187,1008.8845241351473,1024.754589473698,24465159
2020-10-01,1008.9979248046875,1026.4776536649397,1003.8968020817645,1026.4776536649397,20783227
2020-10-05,1003.0806274414062,1019.8348626021702,1000.2693849664739,1017.4997065200467,18922799
2020-10-06,1002.2417602539062,1012.9200316663944,998.2968817912705,1008.9978810960307,18412175
2020-10-07,1023.62109375,1046.9727737786616,1006.6173920088511,1013.4188487180892,53170865
2020-10-08,1015.3458862304688,1028.3821018510423,1007.5695886566497,1024.301155767066,21077808
2020-10-09,1012.716064453125,1021.5806624419674,1005.3024535496829,1013.4188900706193,18545499
2020-10-12,1014.348388671875,1022.8275119437076,1009.4513972409951,1013.4188838080661,14226473
2020-10-13,1034.140869140625,1036.4306896985922,1009.2700740618499,1011.4238870505349,23112012
2020-10-14,1037.22412109375,1044.7057362892785,1028.6088696874467,1033.324638008591,26742011
2020-10-15,1000.4960327148438,1038.3575230267356,995.2815705789496,1038.3575230267356,20036197
2020-10-16,986.57568359375,1012.2851869024872,985.1473645281419,1004.3502142447803,21583600
2020-10-19,986.757080078125,1010.5622392043457,977.2123844835455,993.0371147391401,31200385
2020-10-20,977.552490234375,994.3747895538761,975.8974318290545,988.0267509433463,18482288
2020-10-21,963.360107421875,993.9213889927784,951.1854522370077,983.0390454596967,34082321
2020-10-22,955.35693359375,966.9421018379,948.1247264007278,964.6296137675083,30802210
2020-10-23,958.1229248046875,968.0757029274415,950.5733065108839,954.9262077062731,23422125
2020-10-26,920.057373046875,953.0898169372152,915.2509933655792,953.0898169372152,37324416
2020-10-27,922.5059204101562,934.0003573150689,909.129685940206,922.6872638083931,36478896
2020-10-28,912.0542602539062,933.0254473288481,910.2178586428503,925.8158484232022,29924017
2020-10-29,919.0597534179688,925.9066057760115,902.781605556934,905.5021761803395,30655304
2020-10-30,931.5745849609375,936.3809648847906,916.7473625510196,922.0524968177426,34021563
2020-11-02,851.2944946289062,919.105110257612,842.9967150587656,919.105110257612,99366895
2020-11-03,839.0291748046875,865.600239943717,832.0917105106013,856.9850494031045,88691623
2020-11-04,867.5046997070312,874.6689636295238,832.9532636853438,832.9532636853438,80180117
2020-11-05,886.4580688476562,889.1559715685411,876.029144746573,886.4354009237527,37205373
2020-11-06,920.0800170898438,924.9997362683603,896.955016187128,902.3282137896616,66674086
2020-11-09,929.8514404296875,938.1492199552745,923.1859913130511,935.0205666821017,35838510
2020-11-10,945.2001342773438,947.6713579150476,925.5439246746041,941.7767378395364,36934242
2020-11-11,905.5928955078125,949.9384928452779,896.9323689240059,947.2179220787752,56724780
2020-11-12,897.7938232421875,910.6939707303043,890.9923666961812,898.2473016530297,40046527
2020-11-13,905.2301635742188,923.4807818666762,898.5874420075651,898.7007816340105,45388670
2020-11-14,907.9053955078125,913.8000155522184,904.7540741586882,913.6186721505104,5226220
2020-11-17,903.8018798828125,945.4042408434395,900.0610723827276,945.4042408434395,46542562
2020-11-18,901.05859375,909.8098520291383,888.7705994600573,903.8018324500739,30402290
2020-11-19,894.6878662109375,911.6008364153229,892.4433818817643,901.0585724391551,27796343
2020-11-20,861.2926635742188,899.5169003772073,859.2521905953536,895.5266860839987,57471248
2020-11-23,884.50830078125,893.2594984083482,873.4218872864003,884.6443083205546,45327567
2020-11-24,890.5617065429688,895.0733434410346,876.0292271989675,890.5390386169317,30936268
2020-11-25,883.1932983398438,903.6657307143174,880.6541311973758,897.7937792652558,32637879
2020-11-26,885.369873046875,890.9924179780169,875.1450197156285,885.5739443403047,25838637
2020-11-27,875.0316772460938,886.9569255742384,871.2228659099086,879.8833931064404,47336811
2020-12-01,886.4127807617188,891.5592393178523,875.1450229329691,879.8153351253683,19750687
2020-12-02,887.8864135742188,889.6321436054803,877.3894853981996,888.0450890461269,22188887
2020-12-03,890.5617065429688,898.2927286508155,888.1131507545629,894.1665064634373,27785372
2020-12-04,882.7173461914062,892.806192431299,879.6566964271353,892.806192431299,18464552
2020-12-07,887.9090576171875,890.9923750186222,879.9286890581647,879.9286890581647,18242188
2020-12-08,904.028564453125,913.3239128258733,884.1909519390108,889.2467387240156,43403061
2020-12-09,919.0824584960938,922.1885038844979,906.5224492987908,911.3741647568241,29175254
2020-12-10,910.0364379882812,919.7852039036752,907.3158674920909,916.6565508314588,16065507
2020-12-11,909.4923706054688,924.0928519207763,895.1865722921756,912.7570312952648,26944202
2020-12-14,902.9176635742188,913.6639990942831,900.6731791916262,910.4672819578382,17312747
2020-12-15,895.2319946289062,902.1921266922071,889.2239753376022,902.1921266922071,18551265
2020-12-16,896.2294921875,904.5726673464999,891.3097731763147,901.421286250231,18561011
2020-12-17,900.3330688476562,909.1296626703094,896.5015899774218,899.8343145472157,20252358
2020-12-18,903.0309448242188,909.084299862856,890.992358453629,897.8392107518212,18466344
2020-12-21,879.5206298828125,916.8380330457733,841.228385961526,911.396891229463,44135540
2020-12-22,878.1603393554688,888.2265172786522,856.2822534289644,883.7375484737753,28140001
2020-12-23,881.40234375,884.8484079017386,870.8826879671385,875.1223093610237,19501410
2020-12-24,904.2100219726562,906.3184389463692,882.3319351071959,882.8306894509022,20776988
2020-12-28,908.3588256835938,915.0242747672096,904.7313581616152,909.9004843884214,17221499
2020-12-29,902.3509521484375,912.439798429375,898.9501635431251,910.9434754302608,18611939
2020-12-30,904.822021484375,910.1271552061415,895.7760806552021,904.7086818653785,22043630
2020-12-31,900.1970825195312,912.2583374556028,897.1591008607796,903.9152218564029,18781189
2021-01-01,901.1946411132812,905.5022064134912,898.7007496438623,901.421320358103,10015175
2021-01-04,902.713623046875,906.3636985650919,892.3527025549105,904.6406964491767,24513534
2021-01-05,891.4911499023438,899.4261822629604,886.9114498823324,892.806069337439,24123091
2021-01-06,867.9807739257812,891.4457932255564,863.854552119663,891.4004573776713,46401468
2021-01-07,866.5752563476562,881.9239019128246,863.8546852788218,870.8148184269958,32325918
2021-01-08,876.800048828125,878.9311936650147,867.0059456976594,869.6811807226603,27540187
2021-01-11,860.2724609375,879.1125050229124,858.1186482532938,879.1125050229124,33307825
2021-01-12,887.3876953125,888.7252828199374,861.4740587259083,862.87970997784,41161546
2021-01-13,879.112548828125,895.5040980209848,869.8852636562669,890.3349713085404,26619458
2021-01-14,888.997314453125,891.8539526683576,879.225879879633,881.9237826562116,21553242
2021-01-15,878.5004272460938,894.9826476255291,870.6107298685408,888.9973558240713,20593268
2021-01-18,899.5848999023438,905.5021875578411,872.106998334172,883.7828382090427,35100458
2021-01-19,914.2988891601562,920.9189432089404,904.4367219149425,904.4367219149425,32006615
2021-01-20,931.6652221679688,933.1615451092317,907.4973158868203,916.5659852036083,30924537
2021-01-21,951.93359375,961.2742782497206,940.8699070414725,944.0438963533106,39087742
2021-01-22,929.3527221679688,959.165840987856,922.8006124178714,957.1933717044934,30532660
2021-01-25,880.110107421875,922.7099765082173,876.0292211149126,922.7099765082173,54207104
2021-01-27,859.2522583007812,872.8552326609131,856.0782689298538,872.8552326609131,42370131
2021-01-28,850.886474609375,872.0844035148573,847.9164965706553,852.5188051471522,34067814
2021-01-29,835.19775390625,867.4593698333902,829.7792200753853,858.9348503983574,43712383
2021-02-01,859.3883056640625,863.7865428347654,837.9409701152957,843.110096652801,34180952
2021-02-02,873.2179565429688,879.6566667876373,841.0923491274965,867.9808262438378,41470034
2021-02-03,875.4171142578125,885.0978176672972,861.5193971120666,874.3515418529886,30301696
2021-02-04,872.5377807617188,879.656648554206,863.7865225405493,872.4017132446297,25626981
2021-02-05,872.288330078125,881.7650813571979,870.5879959278572,875.1449682096818,20248046
2021-02-08,884.8484497070312,892.8061507159327,874.691600163488,876.5052740367894,21183400
2021-02-09,886.9795532226562,902.1468540671391,885.2338830875444,889.6095123241837,19604141
2021-02-10,895.2093505859375,899.9477267102546,873.8980819416108,885.8913937556059,21234156
2021-02-11,932.11865234375,935.9728593397923,894.2798277886045,897.7938959649373,42539278
2021-02-12,925.7252197265625,942.2301071014969,913.8453084946966,932.0279220969353,30497029
2021-02-15,921.6443481445312,934.6578356915304,918.1982839074868,928.6498762091927,15791099
2021-02-16,933.8417358398438,942.8650096572084,922.7326530138156,924.8864658007502,21421660
2021-02-17,944.6106567382812,950.3692089797069,929.8061035808391,934.0683329596526,23742994
2021-02-18,937.559814453125,956.014443525895,933.6602717704307,945.4041756996926,18646877
2021-02-19,943.2730712890625,954.4501576444582,931.030412526974,932.7081388605912,23403483
2021-02-22,910.5352783203125,947.6260001116775,904.5727145749872,943.1370313830363,23804335
2021-02-23,917.4954833984375,930.8490501461664,913.0291825324456,928.6272336757321,25644108
2021-02-24,934.5218505859375,936.4489240552962,918.7197282010852,920.4654582700598,10807663
2021-02-25,972.3152465820312,975.7839784992644,939.9629033732783,941.3232186199032,34855693
2021-02-26,945.7669067382812,967.576928004242,938.9200542247918,959.9139702500598,37481215
2021-03-01,952.9765625,957.6469350488829,935.2020292571182,956.8307097723348,17680764
2021-03-02,954.9262084960938,965.8085514456496,947.2632505723379,962.1811437745009,17150760
2021-03-03,998.5009765625,1006.572077071357,955.4703590572257,961.750393670414,31924461
2021-03-04,986.5984497070312,992.9918242849485,978.3686732860034,988.4801874020635,21435754
2021-03-05,987.890625,1002.9672532884404,976.260120871694,977.5977682721734,25511666
2021-03-08,993.5132446289062,1012.0132094952947,983.0389843818929,983.2656636273797,19506841
2021-03-09,993.4905395507812,1003.8061245628406,973.3355758572837,997.5487577867862,15154484
2021-03-10,989.3643188476562,1004.3956118787131,984.0591848216625,1000.7228083320849,11519358
2021-03-12,969.254638671875,1000.4506792735099,963.042608072978,995.2815530770632,16864952
2021-03-15,956.2412109375,974.3784296324053,943.3637304935054,970.3656071763525,16698099
2021-03-16,952.4777221679688,963.9948870594851,950.165234013291,958.553685547253,13873801
2021-03-17,931.9599609375,953.5659717866566,922.7779520359184,951.321487384943,19210236
2021-03-18,910.98876953125,945.3135252330827,907.3159659802869,939.9176595322679,20647480
2021-03-19,944.0438232421875,950.3238575711216,899.0634664039354,902.7816055754887,41787429
2021-03-22,935.1566162109375,940.4164143959771,921.9164490477823,939.0561589834671,18572478
2021-03-23,946.5377197265625,956.6038970524451,932.2546489163942,934.9525516306611,17421165
2021-03-24,928.3097534179688,943.0235744782575,925.181100240172,943.0235744782575,16822814
2021-03-25,902.9857177734375,931.3478510950881,900.0610755416413,931.3478510950881,22001648
2021-03-26,904.4367065429688,913.0745657281892,894.9373462222738,912.3037362979102,20180202
2021-03-30,920.1480712890625,929.035337372419,903.0310289019577,910.4899757979094,20441701
2021-03-31,908.26806640625,929.4886608125947,906.4089968537622,915.0242469485529,16250796
2021-04-01,916.77001953125,920.4654911265429,908.2908359953475,915.0243493680184,11723312
2021-04-05,903.5072021484375,918.1983571528486,889.6775482799965,918.1756892265367,14875099
2021-04-06,899.74365234375,909.1070043382359,892.8061280725167,908.6762538058488,14009194
2021-04-07,908.15478515625,928.1284651595439,903.8245518752842,906.8625335398098,24266353
2021-04-08,909.2883911132812,916.8380096725809,903.6885139889864,911.8502864734401,15369188
2021-04-09,898.723388671875,909.7417386895142,897.7938238938312,906.159667024016,14037885
2021-04-12,866.5752563476562,889.3601814732928,861.632868581656,888.2719410521465,20901482
2021-04-13,875.9385986328125,879.9288134604777,869.6132274999836,872.4018023162757,19411189
2021-04-15,881.6064453125,889.1787320455074,867.4140446856474,873.4446725605377,19723716
2021-04-16,876.0745239257812,884.1456245317884,873.5126286216039,878.1149969863354,15656948
2021-04-19,862.2901000976562,868.9555486559381,856.9849667449171,863.3330044240357,18478808
2021-04-20,862.0408935546875,870.1346024372397,857.189177823117,866.28045535031,17203668
2021-04-22,864.42138671875,868.0715224771913,850.9544798546892,858.0053442180699,14490954
2021-04-23,863.491943359375,870.0893297378433,859.4110567489932,864.240104905144,11828857
2021-04-26,878.6817016601562,889.6321078230069,866.7337869207527,870.5879935892407,20846778
2021-04-27,901.716064453125,905.592879224886,878.8631384956852,879.6566357896455,19992524
2021-04-28,905.63818359375,910.4898988549594,897.8618863960234,905.8875907227454,17122437
2021-04-29,917.7675170898438,927.0401972486708,910.1725631547909,917.2460348994038,17412606
2021-04-30,904.36865234375,923.1860285256435,901.2173310194296,910.7166908105166,19828769
2021-05-03,888.2945556640625,897.340497401844,881.0623478526642,891.4458771331132,23640186
2021-05-04,869.0463256835938,892.2620588404909,866.5071582786076,884.190958253908,21849830
2021-05-05,870.6333618164062,878.9764773257763,865.1694924935965,872.1070167804479,12393609
2021-05-06,875.5758056640625,877.3895395810054,864.51205875474,871.4269155650811,14624666
2021-05-07,875.9158325195312,886.7528395578353,873.3086014127246,878.6364032493998,12288548
2021-05-10,873.3992919921875,882.7399763357812,871.0188000480982,879.2032403073009,13941237
2021-05-11,876.5506591796875,878.9991548596583,866.0536709526697,868.320883202796,13478264
2021-05-12,867.4820556640625,876.4373258456701,864.6934809341622,875.1677420602306,13177961
2021-05-14,878.432373046875,880.5634577549068,864.2399737584975,874.2380874670803,13291616
2021-05-17,888.8839721679688,890.2895633789483,875.3036666921718,878.4323799585411,11873078
2021-05-18,901.398681640625,908.0414631541172,894.3931533556103,898.2473602910601,12064918
2021-05-19,905.52490234375,914.3214965481937,894.1664727852633,897.7938805270868,16317002
2021-05-20,900.242431640625,911.8049324349585,898.2473543943751,905.9103124284246,11422532
2021-05-21,908.018798828125,911.2154560407943,900.5145161905418,903.2350870037179,10785605
2021-05-24,900.355712890625,911.3061190300916,898.700714595752,910.4898938764023,8551760
2021-05-25,890.153564453125,905.5022080454436,888.7252453359569,905.2301329831129,14780102
2021-05-26,893.2822265625,897.5671839561246,891.1284738713696,895.5267109206686,7480204
2021-05-27,896.0255126953125,903.6884705135559,889.7454781714291,893.395613685115,26819294
2021-05-28,949.8477783203125,954.4727544116488,902.3281938924274,902.3281938924274,56469931
2021-05-31,979.5475463867188,993.7852821100847,945.4268620793822,953.1124880356037,59124142
2021-06-01,983.4470825195312,998.4556475299046,973.2901730558312,982.1321030027278,28013832
2021-06-02,998.1155395507812,1001.8563467317178,978.0511883191928,978.0511883191928,24630162
2021-06-03,1001.9243774414062,1020.220331233519,995.7804103170117,1007.0707759680465,23974257
2021-06-04,993.2412109375,1005.007723278059,990.4072405064371,1004.2595618006808,14468646
2021-06-07,1009.9727172851562,1016.5928305525485,990.747259262441,998.4556127916534,16336573
2021-06-08,1004.1689453125,1009.8594944449541,996.7099980540836,1009.6101472508224,9674735
2021-06-09,986.2129516601562,1007.0707400246994,978.4819302316137,1006.1639031267835,11409161
2021-06-10,989.8404541015625,1011.1517216348074,987.3692305170946,994.5561020859403,14155653
2021-06-11,1007.0098876953125,1013.766875641892,991.9717457006176,993.24581569042,13762778
2021-06-14,1021.4564819335938,1027.530880407754,998.7741020157218,1007.851639479133,20332436
2021-06-15,1023.7769775390625,1035.106763332947,1019.36334735504,1028.7821487449673,15174215
2021-06-16,1006.3045654296875,1022.434740881434,1003.6882448935254,1021.456501659872,10797349
2021-06-17,1008.1473999023438,1016.9519142263862,991.8807422543711,1001.0264608448158,15745975
2021-06-18,1012.697509765625,1016.9519117351164,993.9055193524756,1012.6292689125116,29369026
2021-06-21,1017.9755859375,1022.6394327555987,1001.0947014517697,1002.6189877915085,12186448
2021-06-22,1012.7430419921875,1028.782290874014,1009.8309507322007,1025.5971158370016,12871913
2021-06-23,1003.4607543945312,1024.0499936427696,1001.7999261642769,1023.7770302436452,16653951
2021-06-24,979.868408203125,1007.6696350296437,973.7257686881059,1004.143316081599,91461975
2021-06-25,957.5499877929688,979.868355835384,946.9254774381874,979.868355835384,55355022
2021-06-28,949.1550903320312,967.5830690553377,946.8800342020979,965.535542609245,20277042
2021-06-29,949.97412109375,959.6203929887992,948.2906059997632,950.7476377872767,27144063
2021-06-30,960.37109375,965.8312041148121,951.4528452867432,953.8188890996875,19762858
2021-07-01,954.5924682617188,966.0587361622839,953.2501575281797,963.7154392931002,12534407
2021-07-02,968.7433471679688,970.4951632609226,952.317400936898,954.1602048328318,14086620
2021-07-05,978.3668823242188,979.8911687487861,969.8581385815543,972.1104477919255,11702287
2021-07-06,966.8095092773438,977.7752841489311,964.7164890232146,975.9780344174737,10070124
2021-07-07,960.09814453125,968.1518891821571,954.6152867923088,968.1518891821571,10454892
2021-07-08,952.1581420898438,963.2377120648708,946.880007204719,963.2377120648708,11185460
2021-07-09,942.4208984375,951.7486525291566,940.1003484340649,950.0650773140198,9037675
2021-07-12,948.29052734375,956.207729408689,943.9223909587707,946.3111816946794,8585292
2021-07-13,955.3887329101562,956.9130192420056,950.0877909959721,955.525214607773,6717133
2021-07-14,949.1550903320312,958.6420731903104,946.9937689554591,955.6844881859736,8532544
2021-07-15,947.4943237304688,953.2502049164673,945.7425076403309,953.2502049164673,9448356
2021-07-16,961.1674194335938,962.2367066615387,949.8831264283724,949.951367281346,8828185
2021-07-19,955.0475463867188,966.4455743808566,951.9989734743655,955.5252925444601,8354449
2021-07-20,952.7041015625,959.1653183707836,948.2450375383125,955.2976750301373,6741464
2021-07-22,964.9439697265625,966.4000152300578,954.683470529445,964.1704530749702,7972397
2021-07-23,958.1188354492188,971.2004383163171,956.4580071605648,971.2004383163171,9937030
2021-07-26,944.9917602539062,965.0805075916205,942.3754396207585,959.1653976108203,12389668
2021-07-27,935.0496826171875,948.1085383406385,929.1345728588083,944.9689777697635,10824523
2021-07-28,927.0187377929688,936.414732655119,917.4179602018662,936.414732655119,12897848
2021-07-29,934.25341796875,943.8769425785124,929.7715466212894,934.5946824013536,13765738
2021-07-30,926.0859985351562,940.9421040230186,924.1748936428288,936.4147387774315,11350608
2021-08-02,943.012451171875,946.1520117827725,928.7478263645152,934.7312372274596,10925104
2021-08-03,949.9513549804688,951.430147484226,939.2358562430207,950.9751482931742,11817299
2021-08-04,957.2315673828125,961.8954143261994,949.6100753022611,952.9771655453944,13169800
2021-08-05,971.1094360351562,980.4598768953389,957.4590392491626,962.0318984025091,21252078
2021-08-06,950.5429077148438,976.8880893431025,945.8562535112904,969.1528622918455,16620987
2021-08-09,945.1282348632812,950.8841763192498,940.282351981684,946.8800509816786,7494143
2021-08-10,950.0878295898438,961.4404233933778,943.581178728171,947.3350273362742,11919198
2021-08-11,963.39697265625,964.6254885296094,947.9720727670094,954.1374592617027,9184963
2021-08-12,960.3029174804688,967.4466034758628,957.8003316249841,966.8550623942889,8137612
2021-08-13,976.2965087890625,978.2303606065249,959.5975996548036,963.3969420853272,12780901
2021-08-16,988.9686279296875,1002.3914951366927,968.3338340297282,977.980105672493,21935444
2021-08-17,984.7598266601562,994.2923038234345,977.297622981309,986.8529072733435,12658169
2021-08-18,988.5819091796875,995.0203194571639,979.4589373887336,989.1961972236583,10075860
2021-08-20,977.4796142578125,988.2861007519195,972.3607078932538,975.09076320503,9426282
2021-08-23,983.895263671875,989.1961455676026,970.2221199980743,989.1961455676026,9854395
2021-08-24,993.6098022460938,997.3863978639248,980.8239096504693,985.123805492856,11864472
2021-08-25,1002.2095336914062,1010.1267969703356,991.9717803975888,994.383378575713,13380559
2021-08-26,1014.8815307617188,1021.4564824929126,1003.3014677332652,1004.666525440298,18589616
2021-08-27,1013.4937133789062,1020.4782304762028,1008.3293734966592,1017.8618498448702,10480636
2021-08-30,1032.9910888671875,1035.539228921763,1017.7709708130757,1023.7771290070833,14027062
2021-08-31,1027.4854736328125,1039.1337183154053,1020.2507393885751,1036.016904489164,26485463
2021-09-01,1031.557861328125,1043.2972151004208,1029.6923704170056,1034.2424832806043,11145486
2021-09-02,1043.9796142578125,1050.0767599227504,1026.052128476792,1026.052128476792,9956770
2021-09-03,1086.7962646484375,1089.753849755498,1047.6652497127798,1051.0777738490863,30664428
2021-09-06,1103.67724609375,1128.4299004209945,1097.4889922462605,1097.944051619568,33641710
2021-09-07,1110.638916015625,1118.4195769224002,1097.4890117544835,1105.6792381399396,17349882
2021-09-08,1106.29345703125,1116.5995103115172,1095.054658449374,1115.6895119598441,14301651
2021-09-09,1103.67724609375,1109.2510915570197,1099.35460328716,1104.7237261918483,8963249
2021-09-13,1079.0838623046875,1107.0443192185294,1077.4913349676583,1107.0443192185294,16311160
2021-09-14,1077.67333984375,1089.2988378614205,1076.5584984650136,1080.6536720322044,8908356
2021-09-15,1082.155029296875,1090.0949179081745,1077.695905241629,1077.695905241629,9071075
2021-09-16,1104.860107421875,1108.750437452325,1077.013388880378,1083.6338341939222,13448882
2021-09-17,1087.72900390625,1117.441336518829,1080.9265822690465,1112.9594649804742,34882133
2021-09-20,1089.4580078125,1100.3782281549334,1078.3784384748346,1079.3339306750968,11779819
2021-09-21,1094.1673583984375,1099.5819747220887,1084.7485569386888,1094.3038400919852,9915736
2021-09-22,1105.90673828125,1111.1392587944545,1091.2325487612284,1095.6689260415033,10995912
2021-09-23,1132.934326171875,1136.1648740748446,1112.731787596337,1113.5962919397923,15748397
2021-09-24,1129.658203125,1140.0097493661463,1124.7896341549288,1139.145244992765,15192163
2021-09-27,1148.655029296875,1151.134928281977,1126.2912870102596,1131.6149158288965,15373834
2021-09-28,1159.3935546875,1167.0604814914102,1143.3543048189429,1153.000577622525,18035258
2021-09-29,1150.2021484375,1169.38083570803,1146.653022546889,1169.38083570803,9719875
2021-09-30,1146.2889404296875,1153.273457399079,1137.6892697076169,1148.9053210131074,13590654
2021-10-01,1148.3138427734375,1155.6395643825463,1135.2550471541776,1138.4173546931033,8958928
2021-10-04,1163.0789794921875,1171.587662580675,1154.38820045178,1161.645680951927,10918552
2021-10-05,1187.2174072265625,1188.4914771861918,1159.0748554855732,1162.6012346483487,13533634
2021-10-06,1164.7625732421875,1192.1087413964174,1160.78125500237,1192.1087413964174,10258881
2021-10-07,1170.472900390625,1182.4624681330135,1168.334326130549,1180.7560859021983,6336665
2021-10-08,1215.450927734375,1221.4343385648037,1174.613532001241,1176.3197940015023,15772493
2021-10-11,1206.987548828125,1237.6326239992216,1203.6660128198464,1229.1694349795048,14768666
2021-10-12,1213.8809814453125,1220.7972576970285,1201.800425485858,1203.5068077762007,6682011
2021-10-13,1226.234619140625,1237.4051767394146,1214.563508294983,1218.9771386553036,9959762
2021-10-14,1228.7144775390625,1236.47251177523,1222.7083196035724,1228.6917305879201,8623469
2021-10-18,1231.990478515625,1249.0078435289915,1211.3783735683207,1214.2449704528303,13594479
2021-10-19,1243.0245361328125,1251.8972908980181,1232.1725560059263,1239.3616754056989,8833409
2021-10-20,1228.7144775390625,1247.9842743668398,1224.6649184645307,1247.9842743668398,12710570
2021-10-21,1193.26904296875,1241.2728114223185,1184.487275783306,1240.999848015025,20831669
2021-10-22,1195.49853515625,1212.5615152599457,1188.2638017444342,1192.1313848923699,11027475
2021-10-25,1183.8502197265625,1219.4322268467454,1169.3808726672285,1219.4322268467454,17198417
2021-10-26,1210.809814453125,1214.3816877777629,1184.464630979062,1190.81211393416,9750178
2021-10-27,1195.49853515625,1217.9761316670556,1192.1086379430944,1206.6918395131022,9896298
2021-10-28,1182.3941650390625,1200.2989032113676,1178.7086777178667,1192.131424255356,9886181
2021-10-29,1154.0244140625,1181.2795964610077,1138.3037421282204,1181.2795964610077,14233025
2021-11-01,1154.7296142578125,1163.0108284889366,1134.8455291099833,1154.0243384080532,15481114
2021-11-02,1137.89404296875,1159.3706543132414,1135.3687704240997,1158.005596587504,10569130
2021-11-03,1130.06787109375,1146.6302984409235,1119.7845647630193,1140.2828162204378,11989430
2021-11-04,1137.0068359375,1139.7596984467234,1132.9800238081948,1134.3222142818038,1705656
2021-11-08,1138.4173583984375,1146.63033145871,1117.6915164906068,1146.3572476973713,20337183
2021-11-09,1147.4039306640625,1150.679973201881,1131.6377653308825,1139.8052450774455,15682497
2021-11-10,1160.235107421875,1163.920714976533,1139.1908094185892,1145.1287260147478,10253470
2021-11-11,1162.3509521484375,1169.6083122656398,1153.7056670416569,1155.7532535702464,10722478
2021-11-12,1179.8917236328125,1182.4626105860948,1163.465776749054,1166.1503984605802,8712341
2021-11-15,1172.9300537109375,1184.03237124433,1169.3809275416072,1183.0312646799675,4803269
2021-11-16,1145.6749267578125,1171.6560383638487,1135.2551376309032,1170.3137274678447,11337581
2021-11-17,1121.1495361328125,1137.0521803529896,1119.784478533251,1137.0521803529896,10202029
2021-11-18,1125.3812255859375,1132.5249718442826,1114.8022082606076,1119.3295736996563,8505625
2021-11-22,1075.53466796875,1114.3244768150466,1069.733232783756,1108.4548007788628,24124307
2021-11-23,1085.59033203125,1092.5975959560926,1050.6227346718351,1061.5657022414562,25326999
2021-11-24,1069.915283203125,1096.5334264323562,1066.3434103717225,1082.9285842980569,16820296
2021-11-25,1134.3221435546875,1138.4400635861748,1072.5315589664726,1079.7435455818988,42401936
2021-11-26,1097.7620849609375,1127.3378152568512,1092.7114193284249,1122.8786907081894,15763138
2021-11-29,1110.911865234375,1137.530130735484,1091.6193215192616,1109.819891228915,24325354
2021-11-30,1094.4859619140625,1126.5643394154413,1086.9555172716214,1122.969719233949,32172299
2021-12-01,1122.5147705078125,1125.699825172228,1103.4496957163708,1107.044315866843,10104610
2021-12-02,1129.7265625,1135.800961053092,1120.0575440347766,1123.7431517479451,12720411
2021-12-03,1095.7825927734375,1136.8474535768446,1092.0287445657639,1136.801959680644,19222481
2021-12-06,1075.0113525390625,1103.404119692969,1072.5315739182363,1099.309066908383,10332254
2021-12-07,1083.7703857421875,1093.8488493527543,1073.8284038337267,1081.1768723394634,11235122
2021-12-08,1100.2646484375,1106.4982760975693,1094.8955253046402,1102.9947640848918,8744178
2021-12-09,1117.71435546875,1126.1093048249602,1103.404235637729,1107.9543482561612,13213547
2021-12-10,1118.851806640625,1122.0596079618992,1105.8383850496557,1110.343003210938,8364414
2021-12-13,1096.4197998046875,1125.7453143246432,1093.8489128488443,1125.4723509045855,12901733
2021-12-14,1082.996826171875,1094.758924705155,1079.925506579218,1082.9285853235253,12991523
2021-12-15,1079.8345947265625,1094.3039423247055,1074.3288697386265,1084.7486582787296,9366969
2021-12-16,1093.8033447265625,1099.0814796358936,1077.764217447417,1094.6223552854042,9761279
2021-12-17,1064.932861328125,1095.6689246022736,1055.6277943848347,1091.1415595298965,21049821
2021-12-20,1036.2215576171875,1054.6494737766875,1022.4573675126571,1054.6494737766875,14325846
2021-12-21,1051.6466064453125,1067.4582657288427,1042.9786937245733,1051.6921003499008,12836561
2021-12-22,1076.6038818359375,1079.2430094666254,1056.5379426212896,1057.8573860824001,17658543
2021-12-23,1076.21728515625,1082.9287192621239,1072.941242613357,1080.19860357355,9072401
2021-12-24,1079.652587890625,1088.3887407376528,1063.6133400712515,1078.3785179602155,7886494
2021-12-27,1078.4923095703125,1082.0186888381238,1068.413845410363,1074.5337382222722,4017223
2021-12-28,1091.30078125,1094.2356191315223,1079.766272622182,1080.9264873926504,6374613
2021-12-29,1093.1663818359375,1100.6740785888855,1083.884061988693,1087.9337410579972,15425312
2021-12-30,1073.4189453125,1094.2812707813944,1067.276305271878,1092.02896140955,29333171
2021-12-31,1077.53662109375,1084.7029927285153,1073.8282668882819,1079.7434360590707,9477290
2022-01-03,1093.7806396484375,1095.6462506930534,1075.4437086416906,1076.1034905748938,5421611
2022-01-04,1118.4649658203125,1119.7845295836617,1093.8487950722674,1099.2635318209977,10847728
2022-01-05,1123.69775390625,1127.0649046036285,1107.0215901475167,1120.2397357543007,11643813
2022-01-06,1099.5364990234375,1116.5994791465537,1096.1238548571225,1115.3254092772324,14447422
2022-01-07,1108.4093017578125,1118.4422714413886,1097.2842377517782,1106.111498715673,13112115
2022-01-10,1109.3193359375,1117.9646215781718,1099.3318598320666,1115.6895654128748,9246731
2022-01-11,1117.304931640625,1126.1320732620725,1107.9543693940097,1108.4094288062329,16205164
2022-01-12,1147.130859375,1148.8827357783716,1121.604686652831,1124.471284081761,14800442
2022-01-13,1153.592041015625,1156.1856749337926,1141.3522552982324,1147.19918473575,11856712
2022-01-14,1155.275390625,1168.1522095010407,1149.2919803342058,1153.4553940360954,19930176
2022-01-17,1161.3043212890625,1167.1057561240766,1154.3654186486065,1154.82047798332,8036453
2022-01-18,1147.44921875,1165.8998821993202,1144.696356607209,1162.4418646639435,6215029
2022-01-19,1147.3582763671875,1156.6404758295853,1141.6250823732196,1151.1803655784236,9755485
2022-01-20,1127.26953125,1142.0574560089742,1117.054465620327,1137.5528377304774,16494486
2022-01-21,1127.451416015625,1138.553732165498,1115.6894383611236,1115.6894383611236,13338594
2022-01-24,1081.97314453125,1139.6914253053906,1071.5988501296624,1126.1547030087693,21868937
2022-01-25,1079.8572998046875,1086.8644436444313,1048.802657948011,1069.0734401117095,24510205
2022-01-27,1063.8636474609375,1072.053874198635,1051.5556205791781,1062.9081551085756,20020431
2022-01-28,1062.83984375,1081.0630398643073,1059.4500666597933,1076.103482458547,14667727
2022-01-31,1085.9317626953125,1094.9409997464795,1072.0993294430996,1073.91944662709,12143683
2022-02-01,1082.337158203125,1101.402112704543,1067.9587979070466,1095.6690383601324,13200509
2022-02-02,1084.5438232421875,1095.2138271372608,1080.6989871423398,1095.2138271372608,10017691
2022-02-03,1070.5294189453125,1092.6885576552872,1068.0041465713055,1088.3886622160464,9572839
2022-02-04,1060.76953125,1068.5730594354839,1056.1284310635565,1065.183161923649,11061241
2022-02-07,1054.308349609375,1072.3723159767667,1048.8026250078512,1065.638135750538,10714467
2022-02-08,1072.031005859375,1073.8283759531457,1051.0776952115107,1060.4737500675897,12060849
2022-02-09,1084.5211181640625,1086.204633140618,1072.918368570495,1078.901658786714,11486225
2022-02-10,1083.406494140625,1090.0723137940836,1076.1490130370194,1090.0723137940836,12464491
2022-02-11,1081.2906494140625,1084.976257286365,1066.5937118273357,1079.857350777376,15943370
2022-02-14,1064.0684814453125,1071.5306852913075,1052.4428632313213,1064.841998172486,10719633
2022-02-15,1100.1962890625,1102.903657466319,1062.77153947328,1069.824176996969,11212671
2022-02-16,1097.92138671875,1107.0443589837334,1090.186219274119,1105.6793011160346,10392840
2022-02-17,1111.8218994140625,1117.0090469039765,1096.5790346237516,1101.174641012644,12853252
2022-02-18,1103.1312255859375,1117.6915612787002,1101.1973736454247,1112.2314504381943,6775458
2022-02-21,1091.9832763671875,1109.0917498883975,1085.0216268966433,1097.488880416598,11107193
2022-02-22,1087.0238037109375,1090.1634849848142,1067.9815952626598,1070.5978559109342,13494914
2022-02-23,1080.2213134765625,1095.0092390254035,1077.468571284383,1092.5294602510214,7310110
2022-02-24,1026.393310546875,1064.6826864402094,1020.7739713257805,1048.8026672886117,24846650
2022-02-25,1039.2247314453125,1050.1449523145036,1035.7210994030459,1037.4728552470633,14570089
2022-02-28,1073.62353515625,1077.1726610969984,1020.5919703644313,1020.5919703644313,21297446
2022-03-02,1091.3690185546875,1092.4838597770897,1059.8139450476658,1062.2027357830907,21471786
2022-03-03,1082.155029296875,1098.7856965324477,1078.4011810031334,1092.0287696037128,10186748
2022-03-04,1058.1531982421875,1075.7848524224223,1055.787154408625,1070.643199306108,10805667
2022-03-07,1019.0222778320312,1052.0334004268125,1011.0367738665514,1036.835909210037,17983310
2022-03-08,1017.1793823242188,1021.9570845268837,991.9262347785383,1006.2591006780564,21289374
2022-03-09,1071.143798828125,1077.01347494328,1016.565078233395,1017.406956117863,20414228
2022-03-10,1088.50244140625,1094.3038764083778,1073.8283721325647,1092.028820377732,17980493
2022-03-11,1091.6419677734375,1097.0339575128753,1081.1311923906428,1081.1311923906428,12257423
2022-03-14,1100.6058349609375,1103.1312280003071,1080.1985698532058,1086.0682461878607,8340678
2022-03-15,1075.398193359375,1104.7464533796308,1065.1148867530296,1104.7464533796308,15925769
2022-03-16,1093.55322265625,1095.6235563592827,1081.6091471404573,1083.8387095081287,11149828
2022-03-17,1129.2032470703125,1136.3468717821495,1098.8993784397219,1106.9303748135985,21422098
2022-03-21,1122.69677734375,1130.2499690830255,1109.7744623583415,1112.0495186610842,11999466
2022-03-22,1151.7037353515625,1153.4327442921551,1116.417558596963,1119.3750232146147,22557065
2022-03-23,1155.366455078125,1167.0375661035232,1147.9953600851836,1147.9953600851836,15462187
2022-03-24,1173.316650390625,1175.8192962308133,1142.08015447494,1142.08015447494,13168266
2022-03-25,1181.142822265625,1190.3112862889939,1172.5657788727556,1175.0684244955905,14222488
2022-03-28,1193.0189208984375,1196.5679268909805,1176.88868384816,1187.581436439095,9891424
2022-03-29,1193.291748046875,1200.321638726132,1186.3983390664755,1200.321638726132,8684065
2022-03-30,1216.2244873046875,1223.0724028520565,1190.8120505919683,1201.1863453712592,15811550
2022-03-31,1198.8428955078125,1214.7456618708436,1196.0446595036312,1212.584340487485,13223718
2022-04-01,1208.443603515625,1212.6752582349072,1193.0415116671982,1199.4116203413212,7922880
2022-04-04,1212.0155029296875,1217.157156093152,1201.9825334062043,1208.2616544203254,7929162
2022-04-05,1194.8843994140625,1214.836726034793,1192.450114468768,1206.2824277666361,13149870
2022-04-06,1191.6993408203125,1198.72923220727,1177.1617516980632,1177.1617516980632,12257215
2022-04-07,1170.677734375,1185.7613700217532,1168.015859682402,1180.8016922079776,15496499
2022-04-08,1190.1522216796875,1194.4066235414564,1164.8307737717014,1164.8307737717014,15152495
2022-04-11,1187.67236328125,1200.5719293490686,1175.2959770389286,1183.0311432189874,9254209
2022-04-12,1165.3087158203125,1184.214442712084,1162.7378287017318,1177.116189798847,13217742
2022-04-13,1161.031494140625,1179.6642564336455,1158.2331376653574,1171.4285360239392,10354235
2022-04-18,1157.4822998046875,1164.7397805103374,1147.4493300930017,1152.545489452205,9974224
2022-04-19,1201.5958251953125,1213.9722131143637,1160.7585471967582,1163.920854944009,26141820
2022-04-20,1236.927490234375,1244.0029958076177,1205.3724131158556,1209.012527185881,25072240
2022-04-21,1265.8890380859375,1269.0285988217172,1243.092861615674,1251.6926535659309,21708633
2022-04-22,1255.287353515625,1274.9438501458906,1248.6441600419914,1255.3328474216894,15054154
2022-04-25,1226.2574462890625,1255.1051538112451,1211.9928211860372,1247.825046254362,17063215
2022-04-26,1262.9541015625,1271.7586153913803,1232.0360622414871,1233.0825422871724,12227666
2022-04-27,1264.1827392578125,1286.7740721528176,1253.5808548135026,1253.9449263825297,19338945
2022-04-28,1283.065673828125,1297.239310503393,1267.7089550364747,1278.5610555725848,25614076
2022-04-29,1269.5975341796875,1299.5828338743643,1263.7051102296844,1299.5828338743643,18214862
2022-05-02,1265.13818359375,1276.5362108883514,1254.9458650066724,1256.7432351242765,9467006
2022-05-04,1225.6431884765625,1269.4836653281736,1217.7487926896627,1267.2086090941277,19247660
2022-05-05,1201.64111328125,1242.182673959599,1197.5915547447282,1239.225089287073,17210669
2022-05-06,1192.4273681640625,1209.8770486382089,1180.0964740571924,1188.5825314734366,19649948
2022-05-09,1145.8568115234375,1181.711782557566,1140.715158224648,1171.6331985147315,18083752
2022-05-10,1125.995361328125,1149.6332918929572,1118.4194240193035,1135.2549338699698,19511677
2022-05-11,1114.4610595703125,1130.6822844670523,1102.0164305530109,1125.0855713281494,16643899
2022-05-12,1091.7559814453125,1107.8860980458353,1078.3786071325271,1104.5418146447614,20490321
2022-05-13,1104.1322021484375,1127.5197990708434,1099.0132956252583,1103.8592387327842,19308778
2022-05-16,1104.4052734375,1128.8848441001169,1099.6048242868326,1107.7040627563247,13437911
2022-05-17,1150.7935791015625,1155.6850157625827,1106.5891549718588,1107.9997065605392,16551828
2022-05-18,1154.979736328125,1169.3808421611643,1141.2839062872033,1155.5712773721964,17276788
2022-05-19,1128.361572265625,1143.2177387581737,1122.0824507846328,1130.2499303127915,14699118
2022-05-20,1194.1563720703125,1203.2338502041005,1138.440180194292,1143.2177622581032,21793091
2022-05-23,1186.1708984375,1207.3971730449673,1179.8461630484092,1197.364082975496,15252755
2022-05-24,1190.2431640625,1200.3216273375488,1181.984697463416,1186.2163522132455,13527818
2022-05-25,1188.491455078125,1208.8304783808387,1183.713752995507,1198.956737262974,12714544
2022-05-26,1177.16162109375,1198.9111951609145,1159.3706180239299,1194.1334932703796,17882023
2022-05-27,1171.7015380859375,1185.3746228810087,1155.7761439362052,1179.8690179099194,16521973
2022-05-30,1212.51611328125,1216.7021540363792,1180.392243237482,1189.8564191042008,13853398
2022-05-31,1197.887451171875,1218.8862574674567,1190.1750310186887,1201.8687694825662,70620653
2022-06-01,1198.2742919921875,1208.1480337988985,1190.402522676765,1198.638243225424,9776989
2022-06-02,1239.58935546875,1243.2977103658052,1198.501741229144,1198.501741229144,22126569
2022-06-03,1264.7059326171875,1281.9281427980586,1247.642951094485,1248.5530698496407,23939791
2022-06-06,1259.2686767578125,1280.403966122388,1252.1021829834976,1264.9336309179137,11093152
2022-06-07,1261.634521484375,1269.9839758549958,1252.215840132052,1260.337704653236,12358255
2022-06-08,1239.4755859375,1265.3884552322884,1235.949206752914,1261.6346065371608,12479250
2022-06-09,1273.4649658203125,1275.3986973973456,1233.082627965682,1233.082627965682,17278305
2022-06-10,1235.016357421875,1269.4380277636071,1229.2149225576165,1261.2478021770742,18093057
2022-06-13,1211.6513671875,1216.1559851600953,1190.4478410589338,1205.7818119372728,17620803
2022-06-14,1195.817138671875,1215.7239712861199,1189.151198531051,1205.8047355842045,14714312
2022-06-15,1181.3477783203125,1200.0032876716657,1175.933161306616,1191.0167974504632,11195535
2022-06-16,1164.830810546875,1209.8997420887063,1162.1006949883244,1193.4965424947006,17111475
2022-06-17,1178.4810791015625,1194.3382305909047,1163.0562400137392,1164.830742811065,24457187
2022-06-20,1157.1185302734375,1190.8121849801246,1147.1309325401155,1185.3064592958617,12066797
2022-06-21,1175.796630859375,1180.0281654943678,1150.4069416324683,1164.830795221328,11720049
2022-06-22,1140.0782470703125,1164.0573868656688,1137.9851663317936,1163.9663990536787,10617206
2022-06-23,1121.581787109375,1148.905326422505,1112.5043100555831,1144.3779613702993,19446323
2022-06-24,1137.5528564453125,1142.5351607614082,1122.9696539988313,1128.429884986889,14240234
2022-06-27,1134.1856689453125,1157.9828298757552,1129.1350035879693,1157.9828298757552,15474529
2022-06-28,1150.1339111328125,1152.9777615415514,1129.3854414043199,1129.3854414043199,13572847
2022-06-29,1173.999267578125,1181.6663139665932,1137.985067118919,1140.8061704616555,19205146
2022-06-30,1181.052001953125,1190.2659611777156,1167.5608938992502,1173.9310028878358,23112959
2022-07-01,1095.9874267578125,1179.3911062938287,1076.103462886294,1171.610445710058,81997149
2022-07-04,1098.262451171875,1111.139270756361,1076.6038647303487,1082.45079365179,41857728
2022-07-05,1107.157958984375,1121.5590649917854,1099.8094906293034,1102.4941121326237,17647327
2022-07-06,1097.420654296875,1111.11648393539,1086.568674692882,1101.1745026432604,23943726
2022-07-07,1086.6142578125,1107.1580039571165,1080.6535938667357,1103.813720771296,23301033
2022-07-08,1088.1158447265625,1100.2191487523794,1084.0889121323955,1100.2191487523794,19010108
2022-07-11,1102.9036865234375,1105.1331283386687,1078.3785026593284,1081.336087585235,13847467
2022-07-12,1101.333740234375,1110.0927598985188,1093.8487904297283,1093.8487904297283,10778989
2022-07-13,1081.8138427734375,1107.4993634434227,1079.7436294761944,1104.4507905221294,14224132
2022-07-14,1090.73193359375,1107.4764556314449,1081.5407222618398,1086.5686402982146,16970315
2022-07-15,1092.847900390625,1098.8540583216684,1084.33921677306,1098.8540583216684,9603210
2022-07-18,1102.15283203125,1103.4040345430283,1088.525123257814,1101.584037969047,15160908
2022-07-19,1108.9100341796875,1113.4146531905901,1092.1655079124582,1092.1655079124582,16439888
2022-07-20,1138.89501953125,1156.8679986086788,1131.2735877067614,1155.730530749646,23924246
2022-07-21,1131.2962646484375,1137.5300117770723,1122.651100250388,1134.7998965175696,16523230
2022-07-22,1138.940673828125,1144.9468316984942,1135.2550660118313,1137.5301221641155,10969995
2022-07-25,1101.31103515625,1122.7194053701078,1093.3938930172108,1122.7194053701078,23110452
2022-07-26,1101.8116455078125,1112.003964591019,1097.193292295004,1101.629669898458,11303288
2022-07-27,1100.7650146484375,1104.3140199617678,1092.938740621378,1101.106218869249,8655086
2022-07-28,1118.0101318359375,1122.9469424061926,1101.5841851617515,1108.4093537574902,12496073
2022-07-29,1141.829833984375,1145.3107190485075,1121.149607208918,1126.0181765545474,15130683
2022-08-01,1171.5877685546875,1177.4574449449278,1140.9881839019702,1146.2435722402156,15700044
2022-08-02,1176.046875,1186.5803984650074,1165.5360984864087,1170.5185233262116,13917913
2022-08-03,1185.9205322265625,1187.5813002703721,1168.220637135406,1183.0311881851292,14250977
2022-08-04,1170.2454833984375,1191.1078085473182,1153.4555848310504,1187.5814291745087,14467127
2022-08-05,1153.0003662109375,1173.384882192994,1149.7925649671015,1172.1109326876474,13942438
2022-08-08,1168.083984375,1175.546187127536,1151.6352925910844,1151.6352925910844,10165178
2022-08-10,1175.0684814453125,1178.435511229753,1163.4883590271854,1172.5203418043282,10724688
2022-08-11,1178.9815673828125,1187.5357439542797,1174.02189010763,1184.4416775272762,8198226
2022-08-12,1198.0465087890625,1201.8458509440902,1174.9319985812028,1178.6174856399732,12650587
2022-08-16,1206.373291015625,1209.1034064115306,1195.4530701404663,1204.052741070798,6607378
2022-08-17,1212.67529296875,1218.0216687174445,1208.3071564277768,1212.6070521185068,6595965
2022-08-18,1214.87451171875,1218.3894546289891,1205.24240897424,1214.2810405952932,7410035
2022-08-19,1193.213623046875,1215.0569809988342,1189.1507309375147,1209.7159828214287,9460724
2022-08-22,1189.904052734375,1201.1795211355932,1180.500282384016,1194.6517009933089,9471680
2022-08-23,1208.25537109375,1211.1769638327753,1182.9425882434618,1184.152351743722,9678484
2022-08-24,1205.036865234375,1218.8459658923068,1203.0283609817777,1205.1967341552863,10369622
2022-08-25,1201.5220947265625,1215.6049306697223,1197.2081689286076,1209.2368579891631,7871946
2022-08-26,1195.1080322265625,1209.715993824914,1190.0866510806784,1201.9554689456972,10742038
2022-08-29,1185.818359375,1211.9984634718257,1176.8710131510943,1180.0436382797463,19838975
2022-08-30,1204.2152099609375,1207.5477042577893,1176.2091689010513,1193.282179919688,23139054
2022-09-01,1168.81396484375,1189.150886984996,1164.385933490136,1178.9710757031155,19909939
2022-09-02,1155.1646728515625,1175.638520959865,1152.9734784565321,1168.8139049237643,12999345
2022-09-05,1173.1051025390625,1178.446101569222,1155.3929766209455,1155.3929766209455,11327815
2022-09-06,1185.4532470703125,1189.6302455363334,1174.1093147173583,1174.5658588505653,10899618
2022-09-07,1178.5601806640625,1184.563114237557,1173.1963605855797,1175.478839783805,7488501
2022-09-08,1180.226318359375,1185.978218827882,1173.6528558204227,1181.527366464761,7057077
2022-09-09,1172.8768310546875,1191.4561604892992,1170.4573041604863,1191.4561604892992,8314850
2022-09-12,1186.0009765625,1192.3691689901582,1173.447281793324,1173.447281793324,7435419
2022-09-13,1195.906982421875,1200.4491194045427,1187.3477160754526,1195.1081207827935,8888657
2022-09-14,1181.572998046875,1191.4561336808906,1174.451706778856,1175.4787801044877,8678219
2022-09-15,1169.8638916015625,1188.5116835520153,1167.1476896556205,1179.1307346574977,10365600
2022-09-16,1140.8763427734375,1165.4359048168926,1137.133067391258,1161.213264147553,20217708
2022-09-19,1142.3599853515625,1151.6040077939597,1132.7278822878002,1140.876367867208,7580254
2022-09-20,1142.54248046875,1158.4514907194557,1138.8220264150539,1151.4898271317024,8411448
2022-09-21,1145.6925048828125,1156.3060391967588,1138.9591731329301,1139.7580348153278,9207309
2022-09-22,1134.896240234375,1142.6110027498532,1128.5053470017444,1134.8505978968233,10308170
2022-09-23,1113.62353515625,1139.3927402184245,1112.0714541784876,1134.394179751921,9528051
2022-09-26,1085.252197265625,1103.7175409409906,1084.2479451217905,1092.8756748841324,12479523
2022-09-27,1093.880126953125,1107.460896407162,1077.3777647816369,1092.8529328199063,16154822
2022-09-28,1064.7554931640625,1085.5489575446488,1062.3132660155625,1077.491757249726,16997059
2022-09-29,1061.4915771484375,1080.7556609643932,1055.8766040342564,1077.3320028920632,14671827
2022-09-30,1085.4349365234375,1096.5048940159172,1054.96372509037,1054.96372509037,18613024
2022-10-03,1081.6688232421875,1103.3294933419215,1078.7015883112226,1091.7117072217247,11852723
2022-10-04,1101.61767578125,1103.808870249341,1091.095426399377,1094.587668996287,8948850
2022-10-06,1105.680419921875,1118.4166846220046,1103.87730611944,1108.830344904405,13352162
2022-10-07,1110.359619140625,1115.6321543527151,1102.2795971833257,1102.2795971833257,7714340
2022-10-10,1098.2396240234375,1103.6262649687026,1090.1139598954956,1097.8743645838504,6329527
2022-10-11,1076.373291015625,1101.982746487589,1073.2691292307711,1101.982746487589,9215177
2022-10-12,1084.2935791015625,1087.2379927529598,1069.6171531804475,1073.6800455545388,7417103
2022-10-13,1087.740234375,1092.8529007335005,1077.3777331495853,1082.5361625931992,7328492
2022-10-14,1082.216552734375,1103.0556611703817,1081.48615457156,1102.4393688537991,9106089
2022-10-17,1099.586181640625,1101.9827665257233,1069.845490552908,1075.0495620947684,16729355
2022-10-18,1118.9874267578125,1124.3512470169624,1104.7903646127031,1105.6348686623294,12415820
2022-10-19,1138.4569091796875,1153.9550179585947,1114.6277458530562,1120.4709308445554,19247142
2022-10-20,1141.5155029296875,1149.9150215278255,1134.3942113183082,1134.3942113183082,8717053
2022-10-21,1128.2769775390625,1148.9106943491454,1126.177188586748,1144.7565172867282,8243452
2022-10-24,1132.0430908203125,1142.382770547029,1120.836206695688,1122.9816380159375,3370033
2022-10-25,1114.559326171875,1140.785075413764,1112.9387816840604,1140.785075413764,12233241
2022-10-27,1118.941650390625,1126.8391025996318,1110.5649536618178,1122.0686333408069,12513059
2022-10-28,1153.1790771484375,1157.2190279737692,1122.7306857391648,1125.2641978503823,17609592
2022-10-31,1163.8837890625,1169.065039404331,1155.9406944170403,1159.957944449031,12419943
2022-11-01,1154.8680419921875,1186.8912136799254,1144.8936213637878,1186.8912136799254,13963166
2022-11-02,1162.08056640625,1164.1576549471247,1148.0890168960855,1155.986348539346,8981896
2022-11-03,1166.417236328125,1168.4258612328554,1152.6767205686606,1154.8679148064807,6693449
2022-11-04,1183.5816650390625,1186.8912175642852,1164.568612402097,1165.8467186255812,12575815
2022-11-07,1189.904052734375,1191.5931814379082,1175.0223567357784,1182.7827614663586,11789748
2022-11-09,1188.7171630859375,1196.9112902936065,1182.3489707407007,1191.5931131291466,11254205
2022-11-10,1174.3375244140625,1185.3161961635597,1170.0007782161263,1182.3261403082447,5966242
2022-11-11,1201.4078369140625,1203.325056528256,1181.413233492101,1186.8911590644095,12310132
2022-11-14,1195.5875244140625,1206.0641314784764,1189.242152687652,1200.9285232071268,9043112
2022-11-15,1190.2237548828125,1198.9427700567662,1182.3263018305277,1197.0711926191022,7086433
2022-11-16,1183.3990478515625,1194.1723297469184,1178.3775455967132,1191.4561277313167,9716161
2022-11-17,1186.4576416015625,1192.8257139314462,1177.7613269715819,1180.0209850155613,6661451
2022-11-18,1185.818359375,1190.9996093948082,1173.698388022442,1189.972415409292,5303197
2022-11-21,1164.477294921875,1181.413258441568,1160.9165888885639,1181.413258441568,6390268
2022-11-22,1170.9366455078125,1172.5115476255721,1157.9037056180239,1161.783907991267,6611488
2022-11-23,1167.28466796875,1176.80266503484,1165.0934735308952,1175.4787957552544,6413408
2022-11-24,1177.3504638671875,1184.1522586948402,1163.2446877659072,1171.3703518394527,9389439
2022-11-25,1194.9254150390625,1198.257788225093,1178.719730929941,1181.8696555369409,7349922
2022-11-28,1235.9874267578125,1242.1501079495758,1142.1545139312134,1190.9540185279361,31527484
2022-11-29,1238.110107421875,1246.9889910362924,1229.8018737736188,1234.3440108402901,11058913
2022-11-30,1246.85205078125,1253.288707028199,1231.7192011093234,1238.247142030381,26164986
2022-12-01,1243.17724609375,1257.6481612150444,1239.8448724818554,1251.6224067137045,9485801
2022-12-02,1242.652099609375,1254.4525744381806,1232.8146073066557,1246.2356264230054,11589592
2022-12-05,1224.529296875,1240.1871538032585,1222.4979714298172,1238.0187806031995,14828536
2022-12-06,1228.067138671875,1231.1713003979203,1214.737403586102,1216.6091015367565,8594245
2022-12-07,1209.9443359375,1230.258436618436,1206.132596960368,1225.693478313524,8462111
2022-12-08,1209.3736572265625,1216.5635327967686,1205.1967796428094,1214.281053698547,7757008
2022-12-09,1191.04541015625,1214.2811038799705,1187.7357368415526,1207.8900896926802,12655763
2022-12-12,1192.871337890625,1197.3906539089487,1180.0437880026634,1180.272120443367,9479842
2022-12-13,1198.3037109375,1201.9555809304147,1189.9497141999723,1192.8713067918438,8333348
2022-12-14,1193.9669189453125,1204.6717371538757,1191.9126515922892,1204.0782660411908,7268947
2022-12-15,1177.008056640625,1193.7386297598832,1173.6528618480468,1188.0324923462415,8688551
2022-12-16,1171.1876220703125,1195.4733287956508,1167.7867851451592,1173.6527911334736,15837349
2022-12-19,1186.5716552734375,1188.7172073020977,1171.6898388274747,1178.2177795852808,7729933
2022-12-20,1196.8428955078125,1198.76011514875,1171.3703661582176,1179.5416726679264,7467588
2022-12-21,1179.8155517578125,1201.9555872542346,1175.9809916475376,1196.477661489117,8527550
2022-12-22,1176.7569580078125,1189.013856887232,1171.7126347696108,1185.9781586267084,7451122
2022-12-23,1142.245849609375,1182.554553491853,1137.703712598857,1170.137785137051,10257115
2022-12-26,1152.22021484375,1160.414342154975,1137.7721216907048,1147.9748739735228,5990242
2022-12-27,1161.64697265625,1163.518549950611,1148.2031310835503,1154.9364624540497,5763271
2022-12-28,1161.532958984375,1163.9751864269276,1151.056351446895,1158.5885450524734,7459393
2022-12-29,1161.0078125,1163.5641454874342,1152.882148696241,1153.566904464591,6930648
2022-12-30,1162.7880859375,1176.3916749175478,1160.0035413220228,1161.829476176333,7289476
2023-01-02,1175.8896484375,1177.3048023328713,1163.244668797144,1164.066351583663,5316175
2023-01-03,1167.28466796875,1174.565828259546,1163.0621480210023,1170.9366586985077,7658932
2023-01-04,1149.7095947265625,1169.1107276232437,1147.6325061253483,1167.2618507099899,9264891
2023-01-05,1147.6552734375,1157.858025867488,1143.0674942432397,1151.969198619059,13637099
2023-01-06,1158.0863037109375,1163.1306272948216,1149.5955006159752,1153.4072395784428,6349597
2023-01-09,1185.4302978515625,1187.8041821914996,1161.0306065888913,1161.9207528429104,10722753
2023-01-10,1167.9010009765625,1189.6302560157692,1162.240505708343,1189.6302560157692,8047142
2023-01-11,1153.1790771484375,1167.7184566325625,1150.873655990327,1165.2077656913489,11509553
2023-01-12,1128.2769775390625,1156.077627831873,1125.2641003718309,1152.5855061360771,17688773
2023-01-13,1126.451171875,1128.8705782042637,1111.3867843100481,1122.2513519945564,20618583
2023-01-16,1115.723388671875,1131.951774613395,1107.917221092014,1128.7791493112115,13623855
2023-01-17,1131.5638427734375,1133.481062404078,1118.6906511572718,1122.0686670526488,10751000
2023-01-18,1129.692138671875,1137.178689301756,1123.1414974309203,1129.1444306357287,13448286
2023-01-19,1128.4825439453125,1132.6366004638107,1121.4524163802744,1128.8705038207283,11940054
2023-01-20,1115.0615234375,1129.8291140692525,1112.596474928504,1129.8291140692525,14930286
2023-01-23,1109.423828125,1125.8120854761514,1107.0044217374414,1117.960395115449,10954118
2023-01-24,1102.873046875,1115.51790607312,1089.8171651533376,1113.851719292168,16488755
2023-01-25,1087.6258544921875,1102.3022790893294,1086.4618542855478,1101.275205877952,12385018
2023-01-27,1066.992431640625,1089.817223588686,1055.260418546103,1088.4706538388855,25830975
2023-01-30,1077.218017578125,1082.764407064242,1050.3987961919847,1064.4132886312711,21772103
2023-01-31,1074.5245361328125,1089.9541811505658,1068.6585300710096,1087.3749062182637,22691594
2023-02-01,1068.1566162109375,1086.439272024598,1052.224782493373,1086.439272024598,19347800
2023-02-02,1062.244873046875,1071.8540341073915,1054.9637127057106,1058.1591593362568,13662663
2023-02-03,1063.1806640625,1072.3105805967245,1046.7467660021255,1072.3105805967245,24699575
2023-02-06,1055.1690673828125,1059.528634971871,1052.5899131464937,1056.7896118119152,14837879
2023-02-07,1052.635498046875,1062.4501695052957,1046.7466710224398,1055.4201633910932,15135435
2023-02-08,1073.6572265625,1077.2863960062462,1053.137736379797,1055.8766387784026,21160332
2023-02-09,1075.52880859375,1082.284961068636,1065.463103759131,1074.341987106508,13172763
2023-02-10,1066.6728515625,1075.0039060071294,1059.6655455942528,1075.0039060071294,10790445
2023-02-13,1060.6015625,1072.767178094588,1056.1278886860243,1068.2935042806123,10352493
2023-02-14,1085.5946044921875,1087.329254712915,1060.738368480938,1063.6143185684562,14321920
2023-02-15,1110.1768798828125,1112.5735854842064,1083.2664969637603,1084.6358877756606,33503591
2023-02-16,1109.3095703125,1124.7163944448255,1107.0270912647763,1118.1656324865594,17264487
2023-02-17,1113.9429931640625,1117.2754874405753,1100.4306882070916,1104.7217922905263,11809520
2023-02-20,1102.16552734375,1118.3026298698114,1100.2025445254703,1116.13425652598,8836937
2023-02-21,1111.1585693359375,1116.9559918914763,1101.2296696771075,1106.5479683974272,13311592
2023-02-22,1085.9598388671875,1109.2868172204335,1084.2023673241313,1107.4380609994967,11024335
2023-02-23,1080.7557373046875,1093.1953270218976,1077.9483712962124,1085.5490279902117,9851910
2023-02-24,1088.15087890625,1093.834315272933,1080.9839459876737,1082.8098807799356,9434053
2023-02-27,1080.91552734375,1090.8672478016565,1073.543202799622,1087.3750050988056,11199715
2023-02-28,1060.2362060546875,1080.5274845520237,1056.1734344203933,1075.5516247048565,21994038
2023-03-01,1069.982421875,1070.712820002187,1060.5557097259696,1070.0280642112666,11551145
2023-03-02,1061.833984375,1073.5203549354069,1059.802538079039,1066.8326656493814,9333535
2023-03-03,1088.9271240234375,1092.6019362119685,1068.9098180563456,1072.3791189632545,14643807
2023-03-06,1099.5633544921875,1106.8216933590497,1095.5918675399987,1095.5918675399987,10171916
2023-03-08,1103.51220703125,1104.2654263644915,1088.7444955670887,1099.563420263857,15782657
2023-03-09,1076.9896240234375,1103.3066574341256,1075.095225544964,1102.8958764013148,16235128
2023-03-10,1060.3046875,1070.0280749321848,1056.8124450060086,1068.8868957671646,13334091
2023-03-13,1042.8665771484375,1070.0281154160118,1038.5298305140532,1063.1806779260546,12771592
2023-03-14,1038.9635009765625,1052.2018311560978,1035.8136967949142,1040.812257084253,16027522
2023-03-15,1021.2057495117188,1049.1661484530055,1016.800539526596,1042.6839706485123,21728555
2023-03-16,1016.1157836914062,1028.9433330363881,1005.2968594074098,1023.921951504309,18363159
2023-03-17,1014.837646484375,1028.0075129528561,1010.0900587449327,1024.720781814394,34014213
2023-03-20,1004.8631591796875,1013.4224856028961,995.1625932582816,1011.1400066065017,19524589
2023-03-21,1036.1103515625,1038.0733342187905,1012.0529769869939,1012.9431232711898,21400360
2023-03-22,1039.2601318359375,1046.0391051865406,1036.247254791225,1043.0946916431246,10920094
2023-03-23,1026.1131591796875,1036.2016854580306,1023.9447859117854,1035.3343603002547,16249370
2023-03-24,1005.7990112304688,1027.1174243598298,1003.3796050761481,1024.9490510644619,12375945
2023-03-27,1021.4339599609375,1028.9433318287538,1004.383890745215,1012.2812828490338,14054323
2023-03-28,1026.2044677734375,1030.0846702786253,1021.1829653124684,1024.8349561252708,12576424
2023-03-29,1020.133056640625,1024.7436572444662,1009.3597140789179,1022.0959186617868,18804065
2023-03-31,1064.116455078125,1069.7770709600845,1029.2629756900762,1029.3999027039445,28171201
2023-04-03,1064.299072265625,1072.3106311531849,1056.7896998650788,1070.4846960590223,10293043
2023-04-05,1061.74267578125,1071.8540232011114,1053.8453439607506,1071.8540232011114,16262928
2023-04-06,1068.8638916015625,1074.592970502133,1058.2275373074351,1058.2275373074351,18435046
2023-04-10,1061.2861328125,1072.9496819536614,1059.779694186431,1072.7671126043012,12961408
2023-04-11,1066.535888671875,1068.6586196822263,1060.9210357303307,1065.4631729553812,10542367
2023-04-12,1071.23779296875,1080.8925957399235,1063.6599579243734,1066.5357872569193,18179087
2023-04-13,1075.27783203125,1079.9797173840186,1069.1151503508545,1074.1365320735108,12378208
2023-04-17,1080.73291015625,1106.9814803229494,1072.333391852291,1106.9814803229494,17929479
2023-04-18,1068.3619384765625,1085.0925121063174,1061.8111761257844,1085.0925121063174,10405576
2023-04-19,1073.6800537109375,1076.3733137885806,1064.64142217666,1067.768405195298,12273475
2023-04-20,1070.9638671875,1076.8755157885284,1064.595795217696,1074.638679040759,7007330
2023-04-21,1072.310546875,1077.7884724738815,1066.5586465106753,1073.0637661728558,7647317
2023-04-24,1076.4190673828125,1086.8727319946267,1071.8539885727766,1084.1794719407253,12936186
2023-04-25,1084.65869140625,1086.7357798786459,1072.9952636709509,1080.0709122812248,9236126
2023-04-26,1078.290771484375,1089.2467445727555,1074.6159592843226,1086.005534613959,8617834
2023-04-27,1085.115234375,1088.2878596252956,1079.1579437194785,1084.1794457664448,9167125
2023-04-28,1104.949951171875,1106.5021527689444,1087.2607695641375,1087.3748753991613,15565210
2023-05-02,1114.3310546875,1116.4994278601828,1108.4194062766874,1112.1170391794083,12981805
2023-05-03,1104.767333984375,1116.1340858641377,1101.549066588438,1116.1340858641377,7061872
2023-05-04,1117.503662109375,1119.717677582049,1102.2567073883076,1105.2467632974385,8635233
2023-05-05,1114.6505126953125,1123.5978590907398,1112.0257162588239,1114.3081951915199,8746585
2023-05-08,1128.4140625,1133.7778823916174,1115.746261129747,1118.4167001177036,9153782
2023-05-09,1131.9061279296875,1135.2158009724574,1124.4652198090143,1129.8290394334551,6464721
2023-05-10,1139.6895751953125,1141.173192717246,1132.659447469911,1136.6766978121202,10872255
2023-05-11,1132.24853515625,1145.5781493917782,1130.5365853892238,1140.762158669685,10557860
2023-05-12,1134.0972900390625,1135.4896227195354,1121.3838473257679,1127.455243721531,6955341
2023-05-15,1136.334228515625,1143.318592964205,1128.9846046154787,1136.6310244600713,6833343
2023-05-16,1120.1513671875,1141.058816015231,1118.4850597805391,1138.5024831085086,8717229
2023-05-17,1113.5322265625,1125.2641183192468,1108.830341392445,1124.3511508366894,8798967
2023-05-18,1111.1356201171875,1121.6122266625744,1107.9856952056505,1118.2112689036005,10525531
2023-05-19,1114.741943359375,1116.5679991928369,1104.1968724046772,1111.1357155261294,8050447
2023-05-22,1120.6990966796875,1125.720598669704,1110.3595382742935,1111.5691808774143,7434906
2023-05-23,1120.49365234375,1126.6335119735163,1119.0784985578177,1123.2783175836105,6092034
2023-05-24,1113.9656982421875,1124.8075631613845,1110.8615367170432,1116.544972955841,8112254
2023-05-25,1113.828857421875,1117.960213217733,1102.9186489083418,1111.0671339157268,11487863
2023-05-26,1144.208740234375,1145.349919313803,1118.7590340242448,1122.0685861761906,12626260
2023-05-29,1150.6453857421875,1154.9364899661489,1144.5283465169668,1150.8279550929283,10010304
2023-05-30,1150.3486328125,1158.451475420254,1147.7921790871794,1150.645307987406,11342504
2023-05-31,1127.5009765625,1145.7381091276332,1123.4382047768395,1141.2416143873527,27107927
2023-06-01,1124.4652099609375,1134.3484659204855,1122.068625138698,1132.1800927726736,14592692
2023-06-02,1120.7904052734375,1133.412563645759,1118.8731857024297,1128.003101699598,15800644
2023-06-05,1130.8563232421875,1133.8235582589482,1122.274114564264,1126.268543700321,10908682
2023-06-06,1131.8148193359375,1135.6265579862757,1123.8946668621782,1133.6865172838243,7493309
2023-06-07,1140.3970947265625,1141.241598708449,1128.7335456658939,1135.3071289198083,10312545
2023-06-08,1141.081787109375,1148.9335976883083,1137.133121023714,1143.9805586437908,12071109
2023-06-09,1133.001708984375,1145.144501301207,1131.1984746215855,1144.4369244051343,5877018
2023-06-12,1134.0059814453125,1136.311281503828,1125.264025708016,1130.057315904061,6391969
2023-06-13,1150.759521484375,1151.946463788879,1134.9647365494955,1138.9591656822827,11248016
2023-06-14,1164.910888671875,1166.3488637759137,1149.0019986007082,1150.827933567815,13277380
2023-06-15,1165.23046875,1169.7954267696327,1157.4471223513988,1164.888030487722,11813494
2023-06-16,1176.574462890625,1178.856942021871,1168.72265257123,1168.72265257123,24171579
2023-06-19,1164.88818359375,1179.5874324568545,1160.7113056227922,1179.5874324568545,6798554
2023-06-20,1167.3074951171875,1170.457299404325,1157.2189687814275,1162.9480481347903,6921096
2023-06-21,1170.5943603515625,1173.1278723617306,1163.1534517577868,1167.2618659292657,6961603
2023-06-22,1157.4471435546875,1174.702723824018,1155.8494202932393,1166.8053921892115,7619166
2023-06-23,1147.9749755859375,1156.4885999942844,1146.7195697742059,1154.4343325060674,6628570
2023-06-26,1139.210205078125,1148.2716583591261,1136.0832218598148,1144.437098137329,12641159
2023-06-27,1139.62109375,1145.578264166708,1135.1474200849475,1139.666736088607,9689466
2023-06-28,1154.708251953125,1158.519990797568,1140.2600374666351,1147.1760589375283,11354006
2023-06-30,1164.1805419921875,1167.1021346662303,1156.511421596289,1162.423070452648,11151555
2023-07-03,1194.058349609375,1196.934300105854,1166.5087289327182,1167.7413136446191,12154387
2023-07-04,1181.7557373046875,1198.3037415268395,1174.6799673322103,1198.3037415268395,8061643
2023-07-05,1179.8155517578125,1190.9997357239995,1175.8440646341217,1190.9997357239995,10248062
2023-07-06,1204.5804443359375,1207.1824197013011,1175.958111582341,1175.958111582341,19117987
2023-07-07,1202.2294921875,1216.5406584496827,1199.6730384312104,1202.8686056265724,13375267
2023-07-10,1248.541015625,1258.1046546175523,1221.1284462814795,1227.4736968882496,33240016
2023-07-11,1262.0760498046875,1264.495455649915,1249.7050458386786,1256.6894093813987,20069348
2023-07-12,1263.468505859375,1279.103541836806,1260.683840337917,1262.806571231475,18733835
2023-07-13,1252.1702880859375,1277.734103452716,1249.54549133918,1270.8410235059798,14682934
2023-07-14,1251.1202392578125,1260.3414396091937,1243.9988277461352,1255.365580017741,15124144
2023-07-17,1276.6842041015625,1285.060901535764,1245.3228457945552,1253.9963391795925,22220040
2023-07-18,1287.52587890625,1295.286283587151,1274.995004828538,1285.9509768018002,25867313
2023-07-19,1297.294921875,1303.7543992835303,1276.8210735612868,1291.8854597114334,39122156
2023-07-20,1295.7239990234375,1301.2137583797864,1276.0149599670335,1276.0149599670335,38717624
2023-07-21,1255.6134033203125,1293.2755748788927,1248.1205739980844,1290.3576048302098,30249238
2023-07-24,1230.216796875,1243.8424839995957,1221.2649818512405,1227.0515368964086,23727866
2023-07-25,1229.425537109375,1239.0203294862108,1226.5569523456327,1233.4810641733905,12026020
2023-07-26,1249.4063720703125,1259.6936470475673,1229.029726310642,1229.029726310642,12911012
2023-07-27,1237.7838134765625,1255.06933898356,1231.6758304667376,1253.2889256301971,17226898
2023-07-28,1250.2225341796875,1257.6412248805652,1236.7204929547063,1242.4081558253793,20827852
2023-07-31,1260.8065185546875,1263.1062644351005,1245.3261593927457,1250.222567835286,8551174
2023-08-01,1242.9769287109375,1265.6286894674379,1239.0697997346808,1263.6503718598296,9536632
2023-08-02,1229.697509765625,1242.383422770223,1218.4458286875906,1240.9985763343113,12748214
2023-08-03,1224.529052734375,1236.893537376658,1215.700883147937,1224.2323775511124,10168350
2023-08-04,1241.1717529296875,1244.3617658987635,1222.4024889169664,1235.8550243989196,22885610
2023-08-07,1248.244384765625,1250.494624650405,1238.9215138972052,1246.834785043854,5982870
2023-08-08,1240.7264404296875,1253.486611833248,1236.2258407843067,1250.2965991690858,9844072
2023-08-09,1248.911865234375,1250.7912910864598,1227.1009863432985,1238.8472469851743,11486586
2023-08-10,1254.475830078125,1261.177404750792,1240.6276075945868,1248.788167272386,15470598
2023-08-11,1259.767822265625,1265.5544976220099,1242.5565564009414,1252.4975295128647,22179330
2023-08-14,1274.6546630859375,1277.1523130180672,1248.8128913733601,1255.737002454242,9575812
2023-08-16,1273.6160888671875,1277.3996937112483,1261.672044700447,1261.672044700447,10203112
2023-08-17,1255.2425537109375,1275.0752365265755,1252.695518025622,1269.6348629683328,13673744
2023-08-18,1264.5406494140625,1274.827925208279,1240.6771930744892,1251.9041214413387,18639978
2023-08-21,1250.74267578125,1268.3374245054665,1248.5836072167706,1260.6443643964944,9221746
2023-08-22,1250.44482421875,1259.6517042081298,1240.319812990251,1249.204008079304,7713044
2023-08-23,1251.8345947265625,1262.0838090060652,1249.2288807667073,1252.8272476636503,9517952
2023-08-24,1230.7904052734375,1260.6195534341234,1226.4227081001463,1260.6195534341234,14140020
2023-08-25,1225.1075439453125,1243.2978613921046,1212.3271367872899,1218.9778633049934,22222400
2023-08-28,1212.897705078125,1232.87484375,1206.6192242506277,1226.9189266304347,12580826
2023-08-29,1201.2838134765625,1217.7121468384466,1195.2285336373561,1217.0173382536789,16876644
2023-08-30,1200.142333984375,1212.525656094156,1198.628513903965,1207.066064519438,12168946
2023-08-31,1194.6578369140625,1203.5917135507277,1191.133870437995,1202.5990605910981,21638600
2023-09-01,1197.4619140625,1203.9141576589248,1192.0023233270636,1194.4343955405523,18112842
2023-09-04,1196.494140625,1202.921543874001,1193.8140262826475,1197.4619529612135,9347626
2023-09-05,1202.89697265625,1208.033879307401,1197.362859390741,1201.1101487589585,8675876
2023-09-06,1205.4281005859375,1209.125708635972,1199.745186611218,1201.6560920331103,8200370
2023-09-07,1207.06591796875,1210.1679582595825,1196.6430625915527,1201.9537313347682,13652572
2023-09-08,1215.1064453125,1218.9778160313297,1202.5742018862823,1211.0365924741222,23109288
2023-09-11,1228.20947265625,1229.326207160582,1216.9924464989115,1216.9924464989115,13271074
2023-09-12,1210.4658203125,1232.3785847782628,1209.026400892418,1232.3785847782628,16255666
2023-09-13,1216.52099609375,1222.2783103355039,1204.2120756300537,1211.0365644667,12803338
2023-09-14,1217.6376953125,1223.8417758931353,1213.5181615722684,1220.9630582690309,9209636
2023-09-15,1219.89599609375,1224.9336610195687,1215.7516218263509,1224.9336610195687,25468592
2023-09-18,1209.274658203125,1216.4962329024152,1207.0908701058952,1211.061482045193,7516300
2023-09-20,1182.3240966796875,1204.882232531632,1168.8488809798134,1202.623922773179,57081884
2023-09-21,1173.7127685546875,1186.269851496792,1171.3303774506073,1178.7504333612094,12226182
2023-09-22,1168.823974609375,1182.4729522811776,1166.367182863141,1179.2716708437545,19176786
2023-09-25,1161.6273193359375,1171.6779308453931,1158.9720452955405,1166.5657437194718,14254884
2023-09-26,1162.644775390625,1166.4664650387544,1159.2201711598175,1160.684310036077,10087782
2023-09-27,1175.747802734375,1177.1872222950064,1160.6595255350553,1163.1411580463555,11722778
2023-09-28,1158.4757080078125,1182.7460248832851,1153.959088482433,1182.7460248832851,14518346
2023-09-29,1163.8856201171875,1175.847137006539,1158.475709840611,1162.2973995824232,12342014
2023-10-03,1150.5592041015625,1159.2201982891547,1149.4921506176527,1156.4158809171215,8859056
2023-10-04,1148.5738525390625,1150.981084388904,1139.1189302205564,1146.0178196869251,10286386
2023-10-05,1148.5491943359375,1156.1428927957072,1146.017880733707,1151.1052273242312,10953682
2023-10-06,1150.4847412109375,1153.8597853939605,1147.5316229908371,1150.0132553057874,5431026
2023-10-09,1140.6822509765625,1147.4818990309532,1139.0691900320726,1145.5711149238573,7576878
2023-10-10,1145.719970703125,1150.435072150941,1143.4121010954177,1144.8018394410437,10236032
2023-10-11,1163.910400390625,1166.2182699823193,1148.0031129607796,1148.7227620999727,9814118
2023-10-12,1166.0693359375,1171.0078811502246,1160.485663265934,1163.3148210249558,12554450
2023-10-13,1166.019775390625,1170.0896281233202,1156.0187245288932,1161.4039150831682,10150316
2023-10-16,1163.4140625,1168.6254903286665,1159.4186102633319,1163.885548402189,5929036
2023-10-17,1168.972900390625,1171.18152891328,1162.0491704758838,1169.3451452373686,7928180
2023-10-18,1153.4627685546875,1174.8048077319042,1151.9737890772074,1168.9729714451066,8918320
2023-10-19,1144.603271484375,1152.37085365543,1142.0472385636656,1147.5068298823098,12032556
2023-10-20,1141.104248046875,1148.846868358942,1139.7145096810816,1141.5508934053469,8913312
2023-10-23,1123.2860107421875,1144.6528889030683,1119.340239652529,1136.5875839948083,7853962
2023-10-25,1120.680419921875,1132.2200112886635,1113.2603628260954,1116.7594889591046,11620688
2023-10-26,1105.07080078125,1120.7050833883056,1101.993601137725,1117.2307983645155,15222534
2023-10-27,1124.5765380859375,1128.3982276638756,1109.761144511754,1111.7712909465938,11771084
2023-10-30,1147.7550048828125,1153.9590859902871,1126.6362885582769,1128.6464350717906,16813304
2023-10-31,1135.5452880859375,1155.4480281047179,1133.0636557231696,1155.4480281047179,12808438
2023-11-01,1140.2603759765625,1150.236586425296,1129.2419526519689,1136.1656826268284,10309190
2023-11-02,1151.57666015625,1153.6116471680004,1145.4966608528325,1148.4746196953226,10562104
2023-11-03,1151.3284912109375,1158.897469898072,1149.3680258840427,1155.0509397455937,8850156
2023-11-06,1160.9075927734375,1161.4039192346488,1154.256866662586,1157.5822297180116,10647304
2023-11-07,1153.3634033203125,1160.9572220726066,1151.2540159543112,1158.4507493206686,6960204
2023-11-08,1159.3690185546875,1161.9003321646271,1152.3460470752768,1157.4333936812945,7884494
2023-11-09,1146.787109375,1159.3689122452765,1143.6353879313751,1159.344192861405,14513610
2023-11-10,1148.9461669921875,1149.6659373563402,1140.5831381668131,1144.3055869187945,7734954
2023-11-13,1148.79736328125,1153.7606282722284,1147.3579437297892,1152.9167762849927,3854810
2023-11-15,1169.5684814453125,1172.2982770196893,1154.9516911953863,1161.4039352802765,12220648
2023-11-16,1171.6778564453125,1178.3534231349859,1164.8533675821152,1166.9131951067154,13134910
2023-11-17,1169.121826171875,1177.9067803474445,1167.3846835483773,1167.8064883385834,7758634
2023-11-20,1166.0445556640625,1170.5362129509904,1159.61703140789,1165.6474702823514,4490186
2023-11-21,1180.7109375,1185.227556641674,1171.4296571663483,1174.3083747965666,8214450
2023-11-22,1185.3267822265625,1188.4288224829827,1177.3855591701267,1178.7752974396924,8534814
2023-11-23,1188.9500732421875,1191.1835423841578,1185.3268657327444,1185.3268657327444,8531542
2023-11-24,1188.1558837890625,1192.474021001291,1186.7414260587238,1187.0144298509326,6749486
2023-11-28,1188.404052734375,1191.034607263244,1178.899449291774,1188.1558894990753,13792174
2023-11-29,1191.5308837890625,1197.1145563492605,1190.2156671664848,1195.1540911072586,12531306
2023-11-30,1179.9913330078125,1191.530923348677,1176.2440439527552,1188.5529645510346,28439984
2023-12-01,1188.3544921875,1189.3967050711567,1180.0658643673892,1180.2643464861462,14342842
2023-12-04,1201.2093505859375,1215.9999042684663,1190.4887710727894,1215.9999042684663,15590990
2023-12-05,1209.919921875,1211.4585824899339,1201.929016778731,1210.5403299982054,12693624
2023-12-06,1221.5091552734375,1227.3905513904704,1208.5549856031337,1214.560584514323,16422442
2023-12-07,1219.4989013671875,1221.4345260102064,1212.0291642243994,1220.9630401277734,8142096
2023-12-08,1218.8536376953125,1229.2516522307412,1213.5181285411948,1222.8739302715144,10204894
2023-12-11,1220.6405029296875,1224.7351961410227,1217.1909371644088,1218.9777608532804,7066138
2023-12-12,1203.1201171875,1223.4198198791,1201.1843713898427,1220.9630282642331,9197124
2023-12-13,1208.03369140625,1210.2176004047437,1194.3103140708777,1202.102614795848,10031182
2023-12-14,1223.0228271484375,1228.3831772791464,1212.3518080035872,1217.9851619285064,16972354
2023-12-15,1238.63232421875,1240.8161121066785,1225.9511593183302,1229.8969303201395,15932152
2023-12-18,1251.239013671875,1258.1379030406688,1236.3243792186838,1238.6323699765335,14165188
2023-12-19,1269.6527099609375,1277.4945707453207,1253.3234974409622,1268.1140495332209,16820604
2023-12-20,1254.2913818359375,1289.8780864366483,1250.7426960684581,1276.080186427869,17736722
2023-12-21,1271.8614501953125,1277.2962009364337,1249.8741628164655,1254.2170195322976,13765454
2023-12-22,1273.102294921875,1280.9689971307214,1264.4661412408368,1270.3973397701047,16541784
2023-12-26,1279.554443359375,1286.453332624264,1271.935783794956,1274.5663382448713,7465664
2023-12-27,1283.9222412109375,1290.3992050276352,1277.0977519092014,1281.5150092423955,9204156
2023-12-28,1293.2034912109375,1296.4047727896045,1283.922210219302,1285.38634910855,12302636
2023-12-29,1282.97900390625,1297.3973111899322,1280.1748079960485,1295.958012986606,10864584
