Date,RELIANCE.NS,TCS.NS,HDFCBANK.NS
2020-01-01,0.31031030583892266,0.20420105563011903,0.506696182350996
2020-01-02,0.3230590876905732,0.20025999308766806,0.5147792516447275
2020-01-03,0.3239767682456945,0.217291298178386,0.49658029890701727
2020-01-06,0.3062921793637406,0.21721239156237226,0.46935587630152054
2020-01-07,0.3177511730054237,0.21935112590474437,0.48884438273401487
2020-01-08,0.31207135370707345,0.23891777638572653,0.48557160819194445
2020-01-09,0.3293589961729357,0.22271799539230286,0.49955551363132
2020-01-10,0.32918532788586136,0.22240096489593475,0.5107624497404467
2020-01-13,0.3272259760110357,0.2132117980498328,0.5140354799180994
2020-01-14,0.3201324454186834,0.219766831792099,0.5175066276720149
2020-01-15,0.3173792007116745,0.227688550588239,0.5122997143144551
2020-01-16,0.3243487405394437,0.2324020555482359,0.5156718032802391
2020-01-17,0.3457290257642251,0.22459928636968796,0.5062499704421358
2020-01-20,0.32159569887407996,0.20529019157627781,0.4831912574675946
2020-01-21,0.3223646852644692,0.20556745987753022,0.4727280930850958
2020-01-22,0.32209179729350895,0.219766831792099,0.4692568175133892
2020-01-23,0.31886742828941333,0.21542006007236492,0.47322389829691736
2020-01-24,0.3162381743469876,0.2124229003735737,0.47292659411473215
2020-01-27,0.30879730718048654,0.206805367087618,0.44183427733162983
2020-01-28,0.2915345034758699,0.21256167492743117,0.4517519153815547
2020-01-29,0.2955525622705037,0.20098964060030133,0.46429787067063566
2020-01-30,0.2776448306206292,0.19434014356398888,0.45457860583255594
2020-01-31,0.2617212896068261,0.1709975447406129,0.45482657234736223
2020-02-03,0.24874922962615836,0.18030678443015768,0.42160212699029886
2020-02-04,0.26903816600874403,0.1823912669639396,0.4582978479190688
2020-02-05,0.2800009935504498,0.19779411921627144,0.47302552508507223
2020-02-06,0.2846144381289469,0.19056880044758306,0.46821535815120263
2020-02-07,0.27263457498713733,0.19382424593074932,0.47059570887555247
2020-02-10,0.27360186538420145,0.20390733207015355,0.46871141899860647
2020-02-11,0.28210931031220093,0.20051350516217747,0.4690088509985829
2020-02-12,0.29081519460797195,0.20740078911108917,0.47733975898932945
2020-02-13,0.29272500432140297,0.21581689576542729,0.4698023438459632
2020-02-14,0.29939708813915983,0.21274038016028207,0.4479337423247015
2020-02-17,0.29475880479941713,0.22030305981323672,0.44575202044777906
2020-02-18,0.28937650919162755,0.22526513465399978,0.44188399845238224
2020-02-19,0.3074332057284274,0.21756384893106528,0.4557189961650828
2020-02-20,0.2985784242262794,0.20186311718312022,0.44570229932702665
2020-02-24,0.27824014872394415,0.1854081392764111,0.4386110960925206
2020-02-25,0.26407752021719494,0.20160505604391543,0.4290404833455336
2020-02-26,0.25197366631080237,0.18868329737325773,0.42799927961892925
2020-02-27,0.24912133728100433,0.1814979654448553,0.42819752501298314
2020-02-28,0.22054823409943652,0.13967588644141715,0.40657689000652775
2020-03-02,0.21434747762041145,0.14013247774973825,0.4085107731864349
2020-03-03,0.2275922225303943,0.15398707548942603,0.41069287851673086
2020-03-04,0.22602974939111192,0.1726452047410464,0.37801395949224126
2020-03-05,0.2118671885649111,0.1892588944604635,0.3804933690047224
2020-03-06,0.19195029215662313,0.18584473716458927,0.3641785783261672
2020-03-09,0.11414338015879749,0.1286396870063773,0.3368058870829512
2020-03-11,0.1336881689122396,0.12123583148871564,0.3432521217433785
2020-03-12,0.08876990874090224,0.048250805998789836,0.2515133306926177
2020-03-13,0.10975324754959187,0.06272087534338411,0.2996142970334642
2020-03-16,0.06530628087671214,0.019092536849389607,0.22989275959505784
2020-03-17,0.0614865937693016,0.003848396409765753,0.20569352847019873
2020-03-18,0.04189226285446501,0.002419372321176505,0.10830154824412219
2020-03-19,0.016692358202821556,0.0,0.12679799689070437
2020-03-20,0.0664224007996051,0.06442121463621686,0.11420251220755762
2020-03-23,0.0,0.013336004364406295,0.003818364783539918
2020-03-24,0.029441140054472015,0.026712220214268778,0.0
2020-03-25,0.0983190588288802,0.04556668934459651,0.08831730050870201
2020-03-26,0.09035728832197859,0.06182173304987604,0.13230234224824078
2020-03-27,0.09005966311059527,0.07523787957873185,0.1356248379110636
2020-03-30,0.0726231911189043,0.05684331527298481,0.06342382705128058
2020-03-31,0.1139449746313001,0.07587772518459934,0.09342496335144379
2020-04-01,0.0974261493544562,0.02895142710898846,0.06144028665951651
2020-04-03,0.09593795561699142,0.007137875636209157,0.04577020891945782
2020-04-07,0.15975614427706147,0.05552380570484161,0.12734345931438285
2020-04-08,0.15283607893013834,0.027631749056967636,0.12020285450360235
2020-04-09,0.1666265321014932,0.05190460352991688,0.15605529755534409
2020-04-13,0.1513479867134962,0.04914551155018754,0.12659962367885935
2020-04-15,0.1318527401214487,0.039508458396107615,0.0948133841076727
2020-04-16,0.1408810545495744,0.03187074725632422,0.11112804696843681
2020-04-17,0.16863549381826176,0.0679200069999435,0.1414266791774721
2020-04-20,0.178457565717474,0.07289848093812723,0.1756923282611399
2020-04-21,0.17525790011352732,0.04050812940325588,0.1526832724984556
2020-04-22,0.23788548640724166,0.05324427500208073,0.15957610252111643
2020-04-23,0.24150686950797734,0.0967314240066387,0.18570934464367406
2020-04-24,0.2643751792688524,0.07285877490430392,0.16894834205625853
2020-04-27,0.2706999265124606,0.08007645573720734,0.16066709127736878
2020-04-28,0.2699063044024707,0.0890539506717396,0.16235307185136527
2020-04-29,0.2693108509380591,0.10768837985790969,0.20767700495306718
2020-04-30,0.28868217444607197,0.15119552228261057,0.23217366807790285
2020-05-04,0.2734034936969782,0.11760539705528372,0.15402209995172322
2020-05-05,0.2860280817424005,0.11852520670444522,0.1425671973277901
2020-05-06,0.2860778269454401,0.10686870579334051,0.17722965674404367
2020-05-07,0.3089956788677098,0.10208999757270887,0.15600576816127842
2020-05-08,0.33620474827776686,0.10278982343900522,0.16002237833887234
2020-05-11,0.34364548008317125,0.11954498345432163,0.1468813673231516
2020-05-12,0.29525476785774957,0.1252232270975091,0.13274874588378782
2020-05-13,0.3108236627981819,0.12528315119664546,0.15863395758264343
2020-05-14,0.2805275482166379,0.10636870180588875,0.12496330031671965
2020-05-15,0.2922705294392111,0.10258994539886812,0.11945895495918324
2020-05-18,0.2829312905719507,0.12366362800377262,0.06838270998513862
2020-05-19,0.26698182790812824,0.12488328279378613,0.06243202490095079
2020-05-20,0.27940087012820186,0.12686268754923236,0.08866438972053536
2020-05-21,0.28318164092030923,0.14189852575483863,0.09109420593005524
2020-05-22,0.27832427564554724,0.1535548581820657,0.0705645596798522
2020-05-26,0.2745685466563305,0.12262413864021604,0.0840030666044449
2020-05-27,0.28533489756616687,0.14753678255774028,0.13483140897257884
2020-05-28,0.29870525757389327,0.14713697031617345,0.17608907468483004
2020-05-29,0.29477437132553846,0.1343605009093075,0.1824364422838125
2020-06-01,0.322791952566223,0.1635120307036032,0.21814016933556601
2020-06-02,0.3304786354843429,0.1642717245077434,0.23138036695720932
2020-06-03,0.33345813626449666,0.16627718810292658,0.25245553953998623
2020-06-04,0.35256225696761095,0.18448524075616013,0.2320745453808759
2020-06-05,0.3535136424358121,0.16711927052321762,0.26346416634616354
2020-06-08,0.34740432237761226,0.1765442586366801,0.24615782915286066
2020-06-09,0.33120471240707633,0.17666444380270807,0.21779308012373277
2020-06-10,0.34873147025027046,0.19138330767323875,0.2223056872398349
2020-06-11,0.3314801045583255,0.1748997998299211,0.1992469103563982
2020-06-12,0.3570691046824516,0.16361003215907932,0.21328053691652615
2020-06-15,0.36996380579635163,0.15975978242665978,0.18065114728610232
2020-06-16,0.3715411009757234,0.16613684103287807,0.2208676731806447
2020-06-17,0.37036433928150597,0.16693882429029816,0.2098093252537151
2020-06-18,0.3906701281206317,0.16304858771759267,0.2501744393304547
2020-06-19,0.44249921524404184,0.16565548259454832,0.26346416634616354
2020-06-22,0.4358640173251375,0.1589776802667976,0.25890202983599575
2020-06-23,0.4232198019206927,0.16192558651203437,0.27234053676058856
2020-06-24,0.4267000033975635,0.16469287804047406,0.2626211441047176
2020-06-25,0.42171742910834803,0.1542251432084879,0.25890202983599575
2020-06-26,0.4336105257871688,0.19543394089742827,0.2863740994118208
2020-06-29,0.4243464800091287,0.1885356493351794,0.3058128847235627
2020-06-30,0.4148069743992911,0.1807151331881901,0.29569680955289723
2020-07-01,0.4315824104752162,0.1846856242479301,0.31429244480540197
2020-07-02,0.44656207856168545,0.21079450369648012,0.3190531462541014
2020-07-03,0.46041412103204166,0.22783951214257692,0.30373002990808484
2020-07-06,0.49254316022408756,0.2533269107279188,0.3325412464816556
2020-07-07,0.47828868921322304,0.25601383544673895,0.3346733750556167
2020-07-08,0.4654925309777253,0.23556000502755892,0.3398304394746331
2020-07-09,0.4786909147120862,0.22972445360397686,0.3543104057614125
2020-07-10,0.5057416116389968,0.23694370695307132,0.33462365393486426
2020-07-13,0.5343761687584694,0.23600092733526234,0.3099784026278315
2020-07-14,0.5253256551104837,0.2167302468659471,0.2887543223183796
2020-07-15,0.4886212754886637,0.2415757218775978,0.28310119705195935
2020-07-16,0.48831962328465345,0.24392719519609785,0.2924239711019313
2020-07-17,0.5226608011996241,0.2302606816251146,0.328028383729971
2020-07-20,0.526783697163657,0.23313456728678839,0.3623440095699736
2020-07-21,0.5527533326917218,0.24002814130046413,0.3677987616245487
2020-07-22,0.5690692178443284,0.2263214162440248,0.35569901824432815
2020-07-23,0.5961199824517873,0.21838273673753883,0.35971569233081746
2020-07-24,0.6405422457245182,0.21283551738983875,0.3485085005861085
2020-07-27,0.6455953431451178,0.23269246559194168,0.3092345030834124
2020-07-28,0.6564055510502869,0.27407395925543154,0.31632577022681396
2020-07-29,0.6156536715952994,0.2605279116569389,0.2944569769788655
2020-07-30,0.6217877627341966,0.2619147586148334,0.2806219792661647
2020-07-31,0.6007959638569627,0.26267883299979145,0.2629188317402763
2020-08-03,0.5715832118129087,0.2517250221809024,0.23237210519864349
2020-08-04,0.6427797646530755,0.24993656582008006,0.2716958877309875
2020-08-05,0.6306371297924764,0.2538756627172922,0.2577118544738207
2020-08-06,0.634483483035938,0.27341091903574655,0.2707536149747233
2020-08-07,0.6406931056667975,0.26828592028533527,0.2738778013345967
2020-08-10,0.6273186171456215,0.26324123218325113,0.2806219792661647
2020-08-11,0.6343326230936588,0.26207537991148755,0.296490238491382
2020-08-12,0.631215324717058,0.25301150890903434,0.2935644253433537
2020-08-13,0.6284248557084549,0.25184571279856327,0.28895282334801575
2020-08-14,0.6242767148998862,0.24690166573270433,0.264555155102416
2020-08-17,0.6129888853649883,0.25142349220127447,0.2628691745284194
2020-08-18,0.6266649584096262,0.2579955428151791,0.2864236927147822
2020-08-19,0.6332014104084831,0.25270992276811366,0.2964406451884206
2020-08-20,0.6158547505044569,0.25120294680548383,0.28890316613615885
2020-08-21,0.6082122629844116,0.24949429564135572,0.31533390416758855
2020-08-24,0.6152011594490099,0.24929346285924547,0.3464755586180698
2020-08-25,0.6083379457627036,0.2471025546761071,0.34910349240385263
2020-08-26,0.6360925203924874,0.2514639283319007,0.3478639154654032
2020-08-27,0.6226677452238851,0.2494139849930287,0.3415662050782776
2020-08-28,0.6254582819130365,0.24545467003050347,0.34394655580262745
2020-08-31,0.6076340003792817,0.25297129742357827,0.34528531934699946
2020-09-01,0.6109274035426977,0.24859004267022677,0.35664129100059216
2020-09-02,0.6315170446016167,0.256146600742295,0.36343493441733055
2020-09-03,0.6234219772547334,0.26995391067366703,0.3602116253604303
2020-09-04,0.6058994156055371,0.2656529104073502,0.34870700161574464
2020-09-07,0.6086144884832747,0.28102768201341377,0.33997934720130807
2020-09-08,0.620907983286153,0.2895292099936998,0.3419133581990065
2020-09-09,0.6481848009251119,0.28126900708744274,0.32609450055006384
2020-09-10,0.7249373176601426,0.28267584746548013,0.32019366440441954
2020-09-11,0.7278283599635986,0.2999402780815168,0.30839148084196644
2020-09-14,0.7191801394950246,0.34708948032720466,0.28786170677397227
2020-09-15,0.7273759831784057,0.34708948032720466,0.3003085393660264
2020-09-16,0.7302418483178743,0.3517522154787487,0.32326806573464484
2020-09-17,0.7172695176150132,0.33485002519957197,0.3133008343817588
2020-09-18,0.7207639996875865,0.33040834089545135,0.28721712165326696
2020-09-21,0.695699388452101,0.336598663203986,0.27928289617731494
2020-09-22,0.673224302677158,0.3597714864400243,0.2654973639497845
2020-09-23,0.6831043091257607,0.3374629854961215,0.2772497624825897
2020-09-24,0.6581654483491157,0.28311800532161946,0.2605386088337177
2020-09-25,0.668472857460569,0.31931435149039156,0.27402651733458494
2020-09-28,0.6757885832931649,0.3209220246505391,0.2841425925052504
2020-09-29,0.6902691750160774,0.34588369737644764,0.2924239711019313
2020-09-30,0.6848892482274802,0.3474516083414796,0.30834182363010953
2020-10-01,0.6803137724366093,0.3599723192221347,0.33645860614443135
2020-10-05,0.6737522109543133,0.43326943301468535,0.3437977758937435
2020-10-06,0.6728220094977466,0.43668606140743127,0.373302851346503
2020-10-07,0.6965290842943632,0.4453885906537052,0.39130343087236785
2020-10-08,0.6873528878680857,0.4814642462048164,0.4206105165666557
2020-10-09,0.6844367360811905,0.4763389666479425,0.46201696218779065
2020-10-12,0.6862467846663489,0.48319232917616217,0.4422807448760723
2020-10-13,0.7081942328863302,0.4818062684763633,0.42720578677154875
2020-10-14,0.7116131834669415,0.4798077127201621,0.44014836066652896
2020-10-15,0.6708862104537479,0.4519545196867234,0.3982459820157812
2020-10-16,0.6554502401102813,0.4611175715317959,0.42809821058926933
2020-10-19,0.6556513866999871,0.4402274801921928,0.43226392022022486
2020-10-20,0.6454446185639351,0.45130844017738436,0.4524959427437648
2020-10-21,0.6297069960164583,0.425634866907284,0.4750585948709022
2020-10-22,0.620832451794191,0.4239194763880516,0.46176912349077537
2020-10-23,0.623899598884462,0.43023717250805893,0.4642484051854655
2020-10-26,0.5816895420152044,0.43080181814322005,0.4395533688487848
2020-10-27,0.5844046825734905,0.4073686311549829,0.4615704946433482
2020-10-28,0.5728150654734856,0.4041594625768665,0.4382639429717917
2020-10-29,0.5805833034523711,0.4083779619044474,0.41604818832980117
2020-10-30,0.5944607261283599,0.4213761560942473,0.4124282606670019
2020-11-02,0.5054398917544383,0.39705505907100913,0.4438674749352508
2020-11-03,0.4918391471601174,0.40876131888730094,0.4762984274449339
2020-11-04,0.5234150332304723,0.4166534406822744,0.485670666980076
2020-11-05,0.5444320092716937,0.4297929366840958,0.4973735361188153
2020-11-06,0.5817146514986435,0.4385727438688998,0.53550720719788
2020-11-09,0.5925499688872518,0.44630289649619814,0.5681365329194082
2020-11-10,0.6095697994232805,0.4152202044967448,0.6207996357704223
2020-11-11,0.5656501995831689,0.4306406352336405,0.6171301148046618
2020-11-12,0.5570019791145948,0.4238790402574253,0.5990300930372919
2020-11-13,0.5652479740843057,0.41814676945081786,0.5862364268689869
2020-11-14,0.5682144801991758,0.4235965489559672,0.5970466165544236
2020-11-17,0.563664181572292,0.4218608280488365,0.6354778474512558
2020-11-18,0.5606222116460085,0.40595561303476635,0.6357256861482709
2020-11-19,0.5535578513699964,0.41009335242367984,0.601658282458657
2020-11-20,0.5165266423801786,0.41951935144040786,0.6307174016381384
2020-11-23,0.5422699541545501,0.4453543322652578,0.6217417807088953
2020-11-24,0.5489824432596739,0.44446619758508676,0.6649830507218063
2020-11-25,0.54081177674028,0.4360900777710346,0.6298743154877967
2020-11-26,0.5432253327751042,0.4438812215620276,0.6535280202800821
2020-11-27,0.5317615338144879,0.4273504820716867,0.6676112401431712
2020-12-01,0.5443817903048156,0.4463834317896953,0.6601232904849753
2020-12-02,0.5460158694642556,0.45556726331300634,0.6339901761802088
2020-12-03,0.5489824432596739,0.4393797816426481,0.6044848450918671
2020-12-04,0.5402840038242216,0.44668625347905166,0.6128158809004048
2020-12-07,0.5460409789476948,0.4507837813825091,0.5995754915520749
2020-12-08,0.5639155471288759,0.474842605169602,0.6035925490919377
2020-12-09,0.5806084806163585,0.48029182306182605,0.6342380148772241
2020-12-10,0.5705775465449283,0.4695945570272435,0.6130637195974199
2020-12-11,0.5699742421369076,0.46931217804837044,0.6100387837523648
2020-12-14,0.562683693468299,0.4750041250469368,0.5994765605817346
2020-12-15,0.5541612234585653,0.46041117479427274,0.6184688783490339
2020-12-16,0.5552673266603019,0.4816645173740013,0.6377092904489307
2020-12-17,0.5598176929677339,0.49135278962687456,0.6685535128994354
2020-12-18,0.5628093085660426,0.5005563899251584,0.6383540033874272
2020-12-21,0.536739235104222,0.48406642353319906,0.5999723657935562
2020-12-22,0.5352308387230738,0.5051987946888041,0.6004185777024164
2020-12-23,0.5388258264099517,0.519831731781754,0.6029475805178589
2020-12-24,0.56411676139913,0.5200740115977562,0.6242211902213767
2020-12-28,0.5687172789928916,0.5281674154651801,0.639841546840683
2020-12-29,0.5620552795768394,0.528611538966558,0.654073546612656
2020-12-30,0.5647953942574677,0.5200537935324432,0.659329925455386
2020-12-31,0.5596669007060029,0.5012628989852665,0.6630987608448603
2021-01-01,0.5607730715882879,0.5277034108662442,0.6519411624031125
2021-01-04,0.5624574373951543,0.5725917841195858,0.6429657971094519
2021-01-05,0.5500130826499967,0.5942080409716848,0.6535776135830432
2021-01-06,0.5239429415076275,0.5774559136661654,0.6474782764077628
2021-01-07,0.5223843938401496,0.5699071620137597,0.643213635806467
2021-01-08,0.5337224423419256,0.6054702896091837,0.6584869671228356
2021-01-11,0.5153953620144547,0.6278947074608816,0.6781239978286314
2021-01-12,0.5454628517036615,0.6272487402741278,0.7074308278873368
2021-01-13,0.5362867229579322,0.6208304031178953,0.6971660367166831
2021-01-14,0.5472477231248325,0.6603643587408143,0.6952817468397371
2021-01-15,0.535607954738498,0.6533471175609735,0.6931988281153637
2021-01-18,0.5589880648060201,0.648655740150236,0.7095134909761279
2021-01-19,0.5753040853197235,0.6644086457389473,0.7300927944381878
2021-01-20,0.5945612317426643,0.6838624681832237,0.7183403319964871
2021-01-21,0.6170363851981557,0.6697271201421464,0.701281897409095
2021-01-22,0.5919969511266576,0.6815570471246035,0.6702888950497065
2021-01-25,0.5373928938402173,0.6767845728074435,0.6894302483614717
2021-01-27,0.5142640816487307,0.6645503968413091,0.6366183656015739
2021-01-28,0.5049874472886968,0.638463588780726,0.5987822543402769
2021-01-29,0.4875905684177925,0.604006052390174,0.6176755133194446
2021-02-01,0.51441494159101,0.6153298538042928,0.7032159084067934
2021-02-02,0.5297503386396236,0.6412546926972011,0.7863262316490399
2021-02-03,0.5321889364773384,0.6398795272881543,0.8004591726328817
2021-02-04,0.5289961066087754,0.6351879252322465,0.8047235575985953
2021-02-05,0.5287194962076558,0.6228524342943766,0.8230715458807712
2021-02-08,0.5426471378505227,0.6455619268669894,0.8306586821448899
2021-02-09,0.5450102718768235,0.6305168782094073,0.8372042312290308
2021-02-10,0.5541361139751262,0.6452384378219798,0.8073518748377514
2021-02-11,0.5950640305363804,0.642286150995925,0.7980291007877794
2021-02-12,0.5879744930963808,0.636138398947133,0.8075501202318053
2021-02-15,0.5834493039529365,0.615532034457424,0.841915211556978
2021-02-16,0.5969747200969402,0.6029743694462799,0.851882442909864
2021-02-17,0.608916140687285,0.588535750425506,0.8120627273479074
2021-02-18,0.6010976160609731,0.582165936626025,0.7801278356856282
2021-02-19,0.6074329214701244,0.5880302987926782,0.7650527497633134
2021-02-22,0.571130699666619,0.5421668531783193,0.7738795907836727
2021-02-23,0.5788487186786266,0.5509632841057139,0.7551847050163499
2021-02-24,0.5977288844472399,0.5379809274004095,0.8318486657803782
2021-02-25,0.6396371537513905,0.5570703753787096,0.8317989446596258
2021-02-26,0.6101982809952884,0.5162217962200979,0.7603913627383275
2021-03-01,0.6181929104084154,0.5283147826967955,0.7846897804691092
2021-03-02,0.6203548301644624,0.561539578716173,0.7939132400953673
2021-03-03,0.6686739363697263,0.5828735689119839,0.8124098804686363
2021-03-04,0.655475484954817,0.5790718986976084,0.7778963926879533
2021-03-05,0.6569083498440029,0.5622269929368189,0.7560276633489004
2021-03-08,0.6631431496388498,0.5617819708547602,0.7456140922693627
2021-03-09,0.6631179724748624,0.5795773503304362,0.7882602426467383
2021-03-10,0.6585424966839915,0.5876663736170422,0.7815659136537138
2021-03-12,0.6362433126542184,0.5824085534097823,0.7777970782642395
2021-03-15,0.6218130075787323,0.5857249900566432,0.7546887719867371
2021-03-16,0.6176397572867247,0.6034799334016929,0.738324643640803
2021-03-17,0.5948880611106622,0.6046529181576086,0.7216626998415187
2021-03-18,0.5716335661408836,0.5737334308742663,0.7173485937550529
2021-03-19,0.6082875914347288,0.5792741916733246,0.7237949562332712
2021-03-22,0.5984327621501135,0.6114068751980388,0.6956783654456361
2021-03-23,0.6110530186404413,0.6166442526948155,0.7264232734724273
2021-03-24,0.590840425916398,0.607948912093986,0.7052489781926233
2021-03-25,0.5627591572797128,0.5851992080359172,0.6899260535732933
2021-03-26,0.5643681269557139,0.5859878249057136,0.7176461535728204
2021-03-30,0.5817901153100573,0.6230953880458892,0.7795327160500928
2021-03-31,0.5686166380174904,0.6309011337729415,0.7199767831764178
2021-04-01,0.5780442676809001,0.625703855439036,0.7131335464567182
2021-04-05,0.5633374198848429,0.6555919967462394,0.6762891734368556
2021-04-06,0.5591641019122868,0.6660266525769216,0.667016120507636
2021-04-07,0.5684910229197468,0.6687362102966339,0.6739089505302968
2021-04-08,0.5697480537443111,0.6873203189646913,0.6596274852731537
2021-04-09,0.5580327538660144,0.6893020263331315,0.6486683878610421
2021-04-12,0.5223843938401496,0.6586859223520709,0.5944184271330585
2021-04-13,0.5327671990824683,0.601053316273779,0.627444627096068
2021-04-15,0.5390521501636447,0.6475233038475314,0.6569494469132452
2021-04-16,0.532917923663651,0.6378974829519588,0.6555114967629506
2021-04-19,0.5176326779013669,0.6244098992589966,0.6393953349318225
2021-04-20,0.5173563382224406,0.6174330942097819,0.6185680649549564
2021-04-22,0.519996014969313,0.6070189934121681,0.6494122874054612
2021-04-23,0.5189653755789903,0.6032575346832487,0.6411308448998848
2021-04-26,0.535808965967107,0.5997388050606716,0.6318579197884565
2021-04-27,0.5613512665128693,0.6123573489129253,0.6654788559336279
2021-04-28,0.5657004185500469,0.609162108335358,0.7032655017097548
2021-04-29,0.5791503708826369,0.605583286129767,0.6990007332906677
2021-04-30,0.5642926631443002,0.5733893867961881,0.6392964039614825
2021-05-03,0.5464684492910936,0.5739356115273972,0.6414284047176525
2021-05-04,0.5251245085207779,0.5790920044403365,0.6155431291099013
2021-05-05,0.5268843381390582,0.5976761131083939,0.6296759422759518
2021-05-06,0.5323649059030569,0.6040462638756301,0.6279898977930597
2021-05-07,0.5327419542379326,0.6127212740885613,0.64172596453542
2021-05-10,0.5299514175487812,0.6178175744184864,0.6467839701663051
2021-05-11,0.5334458996213545,0.6085554540533795,0.6306183428500071
2021-05-12,0.5233899237470334,0.5944003372373294,0.6266015409457265
2021-05-14,0.535532490927084,0.5798000860166357,0.614055330021063
2021-05-17,0.5471220403465407,0.5871806907591872,0.667016120507636
2021-05-18,0.5609993276614327,0.5948856831274292,0.703166187286041
2021-05-19,0.5655748034523034,0.5921352399867503,0.684818454639447
2021-05-20,0.5597171873534292,0.5832373817650349,0.6596274852731537
2021-05-21,0.5683402306580159,0.5915285857047721,0.7235967108392171
2021-05-24,0.5598428024511728,0.5919331716562044,0.736142538310507
2021-05-25,0.5485298634328359,0.6112379420300893,0.7053977581015071
2021-05-26,0.5519991683414218,0.6293235630655933,0.7035134682245611
2021-05-27,0.5550411382677054,0.6380615862487502,0.7090672790672675
2021-05-28,0.6147234701387327,0.623267915536561,0.7296960480144977
2021-05-31,0.6476568926479567,0.6295880827534399,0.7419940367887724
2021-06-01,0.6519810028822437,0.6270882313000588,0.7378781760963603
2021-06-02,0.6682465337068757,0.6175171115034164,0.7302414465292805
2021-06-03,0.6724700706463098,0.6223128365956867,0.7466554238137583
2021-06-04,0.6628414974348393,0.6233289067002556,0.7272167663198076
2021-06-07,0.6813946984743584,0.6393620571387237,0.7261257136546596
2021-06-08,0.6749590228119995,0.6462510259264114,0.7094641533087488
2021-06-09,0.6550480146114182,0.6462913497344525,0.7067366494636701
2021-06-10,0.6590704726416949,0.65301778774154,0.7074805490080892
2021-06-11,0.6781092816156482,0.6761835346547187,0.7127370556686105
2021-06-14,0.6941287936470164,0.6772200474697709,0.7058935633133286
2021-06-15,0.6967019404148573,0.671692540735751,0.7166046942106338
2021-06-16,0.6773271651988786,0.6764070565990137,0.7110011622471749
2021-06-17,0.6793706439953071,0.694045858391098,0.692653429600581
2021-06-18,0.6844161611944912,0.6857340994182926,0.7062408442518485
2021-06-21,0.6902689042938841,0.6758989092241441,0.7150675574544166
2021-06-22,0.6844666508835626,0.6873194203840107,0.7102080528531679
2021-06-23,0.6741737254094571,0.6711439572302553,0.7118938417004778
2021-06-24,0.6480126892906495,0.7167442310277887,0.7324730173447466
2021-06-25,0.6232642815770704,0.7196703466915215,0.7412503928799355
2021-06-28,0.6139553635954722,0.7017675868245159,0.7345558082513287
2021-06-29,0.614863568873824,0.7034340046966565,0.7347550761877116
2021-06-30,0.6263925442025045,0.7054254841299981,0.7306215766401228
2021-07-01,0.6199847529260669,0.7036981874167478,0.719515233132621
2021-07-02,0.6356763527006637,0.6971749409660573,0.7131902975559833
2021-07-05,0.6463476801206121,0.6953664350237996,0.7281810237361473
2021-07-06,0.6335319622066402,0.6715100165350079,0.7672765236935201
2021-07-07,0.626089876790269,0.676651021253792,0.7720575481710105
2021-07-08,0.6172853819355473,0.669965244022501,0.7530824858055148
2021-07-09,0.6064879656540167,0.6495024277965151,0.7347052272491682
2021-07-12,0.6129966686280488,0.6433855644586182,0.7197643500075476
2021-07-13,0.620867713359883,0.6411301269503553,0.7345558082513287
2021-07-14,0.6139553635954722,0.6521033695764618,0.7318663941080089
2021-07-15,0.6121137758747812,0.6502298288574468,0.7533316026804414
2021-07-16,0.6272755723168688,0.6469100225330338,0.7549750838388848
2021-07-19,0.6204893790945885,0.6427556594015296,0.7038272609018031
2021-07-20,0.6178907844405668,0.6513905704515897,0.6760868378734851
2021-07-22,0.6314633062462243,0.6556875832661364,0.6816149573401732
2021-07-23,0.6238950642877223,0.6542618726938068,0.6756885576363013
2021-07-26,0.6093387380312025,0.6480303279965502,0.6675207451470461
2021-07-27,0.5983141858293985,0.6420834087298686,0.6727004333150938
2021-07-28,0.5894088469576306,0.6481322045812115,0.6503387107556243
2021-07-29,0.5974312253955825,0.6473174165490929,0.6512848180456224
2021-07-30,0.5883745528176969,0.6357703178358494,0.6594525027170867
2021-08-02,0.6071439255286561,0.6569299833796272,0.6556675622859293
2021-08-03,0.6148383240292883,0.6836083944957889,0.6676701641448856
2021-08-04,0.6229111921563117,0.6791485139328866,0.6981495946194846
2021-08-05,0.6383000568381245,0.6832215555127981,0.7176227629170423
2021-08-06,0.6154942839039277,0.6937504499923564,0.7253920395335315
2021-08-09,0.6094900717373204,0.6990044512317239,0.7365978252825381
2021-08-10,0.6149896577354061,0.7035663207018723,0.7403331724107344
2021-08-11,0.6297478750676635,0.7077617938995133,0.7276829178040852
2021-08-12,0.6263169450299939,0.7108367369884676,0.7341075512578102
2021-08-13,0.6440518882399227,0.7563119957488149,0.7588098732085858
2021-08-16,0.6581037236890175,0.7602020638376425,0.7631924896311012
2021-08-17,0.6534366761162247,0.7928269449301459,0.7473055050994825
2021-08-18,0.6576748997346515,0.7958820069215424,0.7456618961232481
2021-08-20,0.6453638079892012,0.79545439484017,0.7474050751587785
2021-08-23,0.6524779811488015,0.8271833909941324,0.7572162409886859
2021-08-24,0.6632502202663446,0.8173266348636499,0.791331320714394
2021-08-25,0.672786274168216,0.8359811697925481,0.7898873631279161
2021-08-26,0.6868379742562143,0.8412150652891874,0.7872976468616834
2021-08-27,0.6852990539477588,0.8608878044517709,0.7809723278316721
2021-08-30,0.7069192667164523,0.8532101064717017,0.8006943573685742
2021-08-31,0.7008142105327988,0.8878921757098142,0.8137926133331596
2021-09-01,0.7053299920800222,0.8587698497876373,0.8115017350626058
2021-09-02,0.7191042019197722,0.908379702904516,0.8213628776488481
2021-09-03,0.7665826480339408,0.9105385429896162,0.8084638896206459
2021-09-06,0.785301598736377,0.9145910295364592,0.7981544900408851
2021-09-07,0.793021242081545,0.8998874415374984,0.8016904414149072
2021-09-08,0.7882026577609893,0.8828823637703951,0.8088124487370772
2021-09-09,0.785301598736377,0.8899082537892866,0.8010429164850056
2021-09-13,0.7580305339440283,0.9118825950425977,0.7880444862152985
2021-09-14,0.7564664364715854,0.928398732596879,0.7810718978909682
2021-09-15,0.7614360837760656,0.9563600922797431,0.77932897449102
2021-09-16,0.7866132477634624,0.9354859507472204,0.7924269748200229
2021-09-17,0.7676169421738748,0.9047548284390452,0.8145399639579393
2021-09-20,0.7695341967476246,0.902982939659521,0.792327404760727
2021-09-21,0.7747562924974623,0.9190511347445318,0.7844585580849418
2021-09-22,0.7877738338066234,0.9187253992478206,0.766280311829396
2021-09-23,0.8177441342283949,0.921617031877936,0.8024375364041046
2021-09-24,0.8141113131149877,0.9224522626205376,0.8338635854398665
2021-09-27,0.8351764777066364,0.9084613614238639,0.8573208342871735
2021-09-28,0.8470841933839015,0.8849189968829358,0.847310400520883
2021-09-29,0.8368920442462937,0.8901121192811938,0.8261938788826731
2021-09-30,0.8325527735691756,0.8834526255348099,0.827289405170511
2021-10-01,0.8347981434413418,0.8649815133873358,0.8150876631929626
2021-10-04,0.8511708802545654,0.8825362978857856,0.8181256364527137
2021-10-05,0.8779374542394891,0.9069747720104249,0.8277873832847819
2021-10-06,0.8530377805003406,0.8978505837797874,0.8471609815230435
2021-10-07,0.8593698372431708,0.931249704451198,0.8427781094649459
2021-10-08,0.9092449869356236,0.9486622885569458,0.8349589839099131
2021-10-11,0.8998601313787731,0.8468158063486746,0.8659866248906999
2021-10-12,0.9075041078708821,0.8334762638228386,0.8618030207689852
2021-10-13,0.92120278621867,0.8344335892154144,0.8715644654781401
2021-10-14,0.9239526468982613,0.8194363899790731,0.9193754771597916
2021-10-18,0.9275853326505719,0.8340048539081915,0.9023428617662094
2021-10-19,0.9398207575429631,0.828699858215201,0.9206702713840124
2021-10-20,0.9239526468982613,0.8183751661953049,0.9058788131402314
2021-10-21,0.8846479806087106,0.7872178919993633,0.9083191104086247
2021-10-22,0.8871202156789568,0.7734856697161125,0.9127517035874747
2021-10-25,0.8742036537479387,0.7710781474276611,0.8890951868037845
2021-10-26,0.904098558038845,0.7668542566159968,0.8848618615613174
2021-10-27,0.8871202156789568,0.7697720604084342,0.874951125672114
2021-10-28,0.8725890665864244,0.7419814310548809,0.8259446341899553
2021-10-29,0.8411304709063656,0.7322283486704206,0.815237082190802
2021-11-01,0.8419124519620387,0.7643240780646459,0.8375988047502715
2021-11-02,0.8232438555875774,0.7675073001256103,0.8390430179723317
2021-11-03,0.8145655849555344,0.770792511093821,0.813842462271703
2021-11-04,0.8222600511367151,0.7774850276802163,0.826293448941969
2021-11-08,0.8238241486091578,0.7750771684240096,0.8325684077622723
2021-11-09,0.8337891618264921,0.7762810418908204,0.8046788213716972
2021-11-10,0.8480173727845957,0.7675479609014066,0.7877456482196196
2021-11-11,0.8503635866738082,0.769139459609304,0.7808230366516239
2021-11-12,0.8698141641039425,0.7845856122181811,0.7855044910698182
2021-11-15,0.8620945207587747,0.7957058851081482,0.7897378163122856
2021-11-16,0.8318719072527423,0.7969710867064086,0.7805243264737359
2021-11-17,0.8046762385912591,0.782892124603038,0.7633918853852754
2021-11-18,0.8093686663696844,0.7640386663759757,0.7719581059295056
2021-11-22,0.7540949100572887,0.756978630291222,0.7480027511501365
2021-11-23,0.765245415759578,0.7593661591595304,0.7482018912687284
2021-11-24,0.7478636973315047,0.7508165009515408,0.7506921652934563
2021-11-25,0.8192830545368504,0.7518773877675538,0.7585608841514503
2021-11-26,0.7787424060732733,0.7522652376538104,0.7226527764516683
2021-11-29,0.7933239094937805,0.7747712017022712,0.7339581322599708
2021-11-30,0.7751095849598659,0.7858507014938567,0.7262885535205684
2021-12-01,0.8061901170968238,0.8057040553732373,0.7373447924539444
2021-12-02,0.8141871153291433,0.8322705931946666,0.7583617440328584
2021-12-03,0.7765473905290818,0.8312708098649333,0.7462098509938536
2021-12-06,0.7535146170357083,0.7888092783846754,0.7364982552232421
2021-12-07,0.7632273171687818,0.8084383240616655,0.758312022912106
2021-12-08,0.781517443916852,0.8257412813243821,0.7863014349975593
2021-12-09,0.8008670419688433,0.8154778051133509,0.7594573981384872
2021-12-10,0.8021283366679539,0.8297813000642822,0.7551743517752677
2021-12-13,0.7772539754538894,0.8187019125952819,0.7438192748462128
2021-12-14,0.7623695338989531,0.8244761920487067,0.7351534842426867
2021-12-15,0.758863004688773,0.8026641569308257,0.7327130591565022
2021-12-16,0.7743526457070837,0.8072550056279231,0.7328126292157983
2021-12-17,0.742338798808335,0.8083772205753859,0.7058692779330126
2021-12-20,0.7105014627796915,0.797175064520901,0.6586559422427191
2021-12-21,0.7276059616817099,0.8181510826380847,0.6747420668929297
2021-12-22,0.7552805379033405,0.8273123373217961,0.6781287270869035
2021-12-23,0.7548518493100711,0.8403506306744668,0.6770330729812747
2021-12-24,0.7586611812935837,0.8436969451289571,0.6718536404488092
2021-12-27,0.7573745740693889,0.8539806394053013,0.683706695492135
2021-12-28,0.771577607863505,0.8582453033153472,0.6936674081376731
2021-12-29,0.7736463315044695,0.853409703705376,0.6867446687518862
2021-12-30,0.7517488315291729,0.8693453581400008,0.6943645263705359
2021-12-31,0.7563148320432742,0.8712227178269085,0.7121943413274415
2022-01-03,0.7743274685430963,0.9036246385880422,0.752285797513356
2022-01-04,0.8016993773524912,0.9309664268916444,0.7611507282354742
2022-01-05,0.8075019014850058,0.9212541176055655,0.7973078249923916
2022-01-06,0.7807100149749979,0.8994211904868612,0.7723067928637283
2022-01-07,0.7905488716502018,0.9182136575502287,0.7830641938014252
2022-01-10,0.7915579886261483,0.9289667479095924,0.7916304143456553
2022-01-11,0.8004130408504899,0.9436780861669234,0.7983538857950593
2022-01-12,0.8334863590531598,0.9208253822983425,0.7891402681387186
2022-01-13,0.8406510219018315,0.9363326383934996,0.7606029011826597
2022-01-14,0.8425176514254131,0.9650007317816418,0.7776854933325766
2022-01-17,0.8492030006306472,0.9858132082149593,0.7541284187903913
2022-01-18,0.8338393807933702,0.9741623234331085,0.761847846468337
2022-01-19,0.8337385367763239,0.9459754199994181,0.7510904455306401
2022-01-20,0.811462567174636,0.9099596323861507,0.7416776877557075
2022-01-21,0.8116642552087288,0.9128010568207385,0.7542281166674784
2022-01-24,0.7612343957419729,0.8873936880772608,0.7194156630733252
2022-01-25,0.7588881818527604,0.8868010741184165,0.7208102829924242
2022-01-27,0.7411531709622834,0.8374787668193242,0.7077616203308
2022-01-28,0.7400178974442064,0.8541579967671313,0.6961075775882751
2022-01-31,0.7656240207470659,0.873044702479375,0.7184693001477446
2022-02-01,0.7616380425323515,0.8993713192590889,0.7297250626530859
2022-02-02,0.7640849650775137,0.9220805871865316,0.7637902934402504
2022-02-03,0.7485446990090348,0.9091624789998887,0.7480027511501365
2022-02-04,0.7377221732440653,0.905197042456477,0.7566188206329102
2022-02-07,0.7305575103953936,0.890521085813444,0.7009885555784349
2022-02-08,0.7502097758596207,0.8759880034986238,0.6947132133047583
2022-02-09,0.7640597879135262,0.8829786242258026,0.7303224830088616
2022-02-10,0.7628238057394998,0.8869849461901809,0.757714346920748
2022-02-11,0.7604775918502873,0.8561613823944907,0.7514888535856149
2022-02-14,0.7413803068825566,0.8720226792777972,0.7065165472273317
2022-02-15,0.7814416417026964,0.906382719664506,0.7504431762363207
2022-02-16,0.7789190523044751,0.9044614418468349,0.7484010313873203
2022-02-17,0.794333026469727,0.8926470153811179,0.7391875415487709
2022-02-18,0.7846961285508092,0.8966123396019445,0.7450143711933465
2022-02-21,0.7723344117551907,0.8661565199497829,0.754725966963958
2022-02-22,0.7668349611182017,0.8117855370968363,0.7433708900349033
2022-02-23,0.7592918286431389,0.8025464428616695,0.7336095731435394
2022-02-24,0.6996031348005662,0.7362589323131747,0.6524303210897949
2022-02-25,0.7138316164808631,0.784947515587286,0.6889858259016873
2022-02-28,0.7519756967272528,0.7986218917392243,0.6592533625984948
2022-03-02,0.7716532747165639,0.79533106464176,0.6074580147315117
2022-03-03,0.7614360837760656,0.7946157944200161,0.6042209013531686
2022-03-04,0.7348209788583562,0.7864190537743252,0.599738587053566
2022-03-07,0.6914295580175933,0.7702917770095661,0.5582025341922178
2022-03-08,0.6893860115406163,0.8173247253797038,0.5611909141490078
2022-03-09,0.7492259714087584,0.83067224280908,0.6043704481687994
2022-03-10,0.7684745900826067,0.8259096528794063,0.6258354011056494
2022-03-11,0.7719559421287996,0.8169977543345566,0.6299193073502772
2022-03-14,0.7818957781821463,0.8349239896218423,0.6754892896999184
2022-03-15,0.753943576351171,0.8148513820563996,0.6570122054486934
2022-03-16,0.7740752908199322,0.8401974226684275,0.6810672581051499
2022-03-17,0.8136068223075628,0.8470854928754346,0.7128416106217607
2022-03-21,0.806391940492013,0.8282602276172257,0.7192662440754857
2022-03-22,0.8385571210968796,0.8586139460395561,0.7268862295119266
2022-03-23,0.8426186308035561,0.8632946528047118,0.7120447945118108
2022-03-24,0.8625232093520439,0.8786047827630659,0.6755888597592142
2022-03-25,0.8712014799840868,0.8612712737572097,0.6638849680781457
2022-03-28,0.8843706257215591,0.8613733749870407,0.6657776939293069
2022-03-29,0.8846731577726981,0.8604125675943277,0.6847027795384678
2022-03-30,0.9101027702054523,0.8711232000165339,0.709753916241257
2022-03-31,0.8908287036454232,0.874557350732551,0.7031797359719015
2022-04-01,0.9014747185402874,0.8822427989709904,0.7386894356167087
2022-04-04,0.9054355195910144,0.8869849461901809,0.8888959188674014
2022-04-05,0.8864392140014268,0.9051567186484357,0.8405370801329356
2022-04-06,0.8829073722661627,0.880853031625884,0.7833630317971042
2022-04-07,0.8595969731634443,0.851745981575277,0.7493972432514443
2022-04-08,0.8811918057265051,0.8523591505671897,0.7473055050994825
2022-04-11,0.8784419450469141,0.8567538840307498,0.7288783976045924
2022-04-12,0.8536433860470052,0.8545874060098648,0.726238704582025
2022-04-13,0.8489004685795083,0.8426703167013911,0.6978009076852619
2022-04-18,0.8449648446927687,0.7879319266726714,0.6285745363697216
2022-04-19,0.8938813670983465,0.7649774585420146,0.5755341153992702
2022-04-20,0.933059876845767,0.7996849126843537,0.587586438378979
2022-04-21,0.9651747031226585,0.8290573810034878,0.6075575847908076
2022-04-22,0.9534187272348014,0.8224757268085594,0.588881488238782
2022-04-25,0.9212280987437542,0.7961691034489886,0.5989914920643685
2022-04-26,0.9619202162745457,0.7953923927732098,0.605266706520254
2022-04-27,0.9632826257128959,0.8014835342391251,0.6057646846345249
2022-04-28,0.9842214984013176,0.8109271679017096,0.6045694604696
2022-04-29,0.9692869732406,0.7955558221344907,0.6177672864934812
2022-05-02,0.9643420970168173,0.7937980860006859,0.6367919421619382
2022-05-04,0.9205469617051274,0.7681865147975457,0.589279768475966
2022-05-05,0.8939315860652246,0.7819428864365874,0.5862417952162148
2022-05-06,0.8837146658469197,0.7489113975861204,0.5510310613848776
2022-05-09,0.8320735952868348,0.7540214012714244,0.5532722185346789
2022-05-10,0.8100496680472145,0.7514255140078057,0.574388740172889
2022-05-11,0.7972595333805201,0.7404901240928687,0.5819088999144516
2022-05-12,0.7720823693931234,0.7391204624904906,0.5516292486474003
2022-05-13,0.7858060895438019,0.7416755766557275,0.5398397190462697
2022-05-16,0.7861088923171342,0.7261002530740164,0.5536947841521788
2022-05-17,0.8375478687598363,0.7566789536342478,0.5626628638317447
2022-05-18,0.8421898068491902,0.7555341618471854,0.5625621434123286
2022-05-19,0.8126735075457718,0.6791493001909821,0.5355069515622978
2022-05-20,0.8856319204206697,0.691842313917139,0.5696661284259482
2022-05-23,0.8767770035574249,0.7035955245739913,0.5525866039030186
2022-05-24,0.8812926497435516,0.6897984921591536,0.5676506974952954
2022-05-25,0.8793502180058141,0.6493214761119628,0.5775761324304797
2022-05-26,0.8667868131761032,0.6737271520417607,0.6157659155198535
2022-05-27,0.860732246681521,0.6878640725990288,0.641309661989686
2022-05-30,0.9059906354486076,0.7347609983186432,0.6508824476391223
2022-05-31,0.8897692323415018,0.7302749465934188,0.6381857951742905
2022-06-01,0.8901981916569646,0.7265092196062666,0.6441311119112506
2022-06-02,0.9360115609205475,0.7544130701255733,0.6343063973954824
2022-06-03,0.9638627833733797,0.7614711967263808,0.6294698999966385
2022-06-06,0.9578335294038818,0.7576849147061602,0.627605677512901
2022-06-07,0.9604569628191493,0.7295958442440684,0.611634588874714
2022-06-08,0.935885404378417,0.746654949174592,0.6164712140913492
2022-06-09,0.9735754835064532,0.7561002676759525,0.6268500187316973
2022-06-10,0.9309406635157309,0.7284436391663911,0.6000466279302069
2022-06-13,0.9050317374395391,0.6707020801805788,0.5753592606609944
2022-06-14,0.8874735081413607,0.6669776879047333,0.5606476885366741
2022-06-15,0.871428751265457,0.665228375964809,0.5560628643685795
2022-06-16,0.8531134473533994,0.6387651749216465,0.5297129710900442
2022-06-17,0.8682499312704031,0.6169116927698739,0.538227553246655
2022-06-20,0.8445614686245837,0.6265832289575712,0.570875284730107
2022-06-21,0.8652732053927319,0.667553678120987,0.585385543833386
2022-06-22,0.8256658716909455,0.6720808399123479,0.57903721760097
2022-06-23,0.8051555522346965,0.707413032272862,0.5839746910548126
2022-06-24,0.8228655213222829,0.7009516755665468,0.6027673574323554
2022-06-27,0.8191317208307325,0.709841334239552,0.6052359024325898
2022-06-28,0.8368163773932349,0.7112610917148727,0.5948068654003248
2022-06-29,0.8632801486048263,0.6998815782985577,0.5928417946793799
2022-06-30,0.8711007713281373,0.690251152176997,0.5969228889326025
2022-07-01,0.7767745264493551,0.7100059991492687,0.602716869404856
2022-07-04,0.7792972512086729,0.6770605493989674,0.6046313242805105
2022-07-05,0.7891612850478642,0.6693438754818779,0.6015580733104055
2022-07-06,0.7783638010857854,0.6876377425901072,0.620350611870157
2022-07-07,0.7663808246387516,0.6987909259975005,0.6450883393490777
2022-07-08,0.7680459014893375,0.6895721621502318,0.6463982160726526
2022-07-11,0.7844438154665483,0.6271592191738247,0.655517504199134
2022-07-12,0.7827029364018068,0.6151831605081879,0.6410577331233543
2022-07-13,0.7610577495107711,0.5962720807949833,0.6068483238677868
2022-07-14,0.7709468251528531,0.5830674376938196,0.5999961399027077
2022-07-15,0.7732931744031624,0.581354855239214,0.6110802431145516
2022-07-18,0.783611209360707,0.6097860602954377,0.5964695192274386
2022-07-19,0.7911041228688918,0.6142217915025494,0.5969733769601019
2022-07-20,0.8243538165805702,0.6515870226528819,0.6141032616927397
2022-07-21,0.8159277236716913,0.6567449880820122,0.6097704942087677
2022-07-22,0.8244044416307383,0.6541452818505011,0.6417630316948498
2022-07-25,0.7826777592378193,0.6523913646845887,0.6458944861577806
2022-07-26,0.7832328750954125,0.6314084948897154,0.643022676026508
2022-07-27,0.7820722890522516,0.6615111723344083,0.6537540021348128
2022-07-28,0.801195021906163,0.6910770601450376,0.666299318334938
2022-07-29,0.8276081680675862,0.708160539076522,0.6837818523533238
2022-08-01,0.8606060901393906,0.706881072509957,0.6958233108207857
2022-08-02,0.86555069564098,0.703992697234809,0.6798017341550996
2022-08-03,0.8764993779480801,0.7236758823978042,0.6831772742012442
2022-08-04,0.8591176595200067,0.7300512000039538,0.6814643879822134
2022-08-05,0.8399949266660953,0.7342188172004966,0.676577274738079
2022-08-08,0.8567208205806258,0.7380976530308172,0.7118450153042631
2022-08-10,0.8644657764508779,0.7297624186377314,0.7161272947607359
2022-08-11,0.8688049117668994,0.7579251727156311,0.7356757477372736
2022-08-12,0.8899456078505104,0.7492802649554995,0.7351215297949024
2022-08-16,0.8991789943401463,0.7456284330696112,0.7522515423453312
2022-08-17,0.9061671463187126,0.749094595722374,0.7600606981126553
2022-08-18,0.9086058118369758,0.740903695851107,0.7618744325688934
2022-08-19,0.884586526670806,0.7427607251501163,0.7430817661913506
2022-08-22,0.8809166166169011,0.7298864227716519,0.7202082611961674
2022-08-23,0.9012659917291661,0.7010216525370472,0.7156234370280729
2022-08-24,0.8976970610534043,0.6889519168354594,0.7227274220416925
2022-08-25,0.8937996089959359,0.6736220181021324,0.7146663374080368
2022-08-26,0.886687195530593,0.6752725984897778,0.7149181384565771
2022-08-29,0.8763860807101367,0.6382791550960363,0.6890216148832059
2022-08-30,0.8967859455114733,0.6707129754713308,0.7360787572327295
2022-09-01,0.8575302799389304,0.6379283716628539,0.7220221234701968
2022-09-02,0.8423948789107003,0.637391918996546,0.7354743068984412
2022-09-05,0.8622886285714517,0.6386297138840487,0.7450971971220036
2022-09-06,0.8759812156698878,0.6360097895872245,0.739353576859458
2022-09-07,0.8683376452610687,0.6453148171798293,0.7322497196636296
2022-09-08,0.870185188870015,0.6535881618285397,0.7476668459950276
2022-09-09,0.8620355033206106,0.6733951264802853,0.7486741780069807
2022-09-12,0.8765885809108096,0.683834949149881,0.7435857517418051
2022-09-13,0.8875731339085366,0.6782230881544715,0.7632850297118846
2022-09-14,0.8716784924888803,0.6332654118661398,0.7789540849096143
2022-09-15,0.8586945207317025,0.6266426476050746,0.7709432326678757
2022-09-16,0.8265508625412124,0.5871732774685725,0.742779477115311
2022-09-19,0.8281960413105822,0.5954674017955215,0.7527049120504953
2022-09-20,0.8283984061501584,0.600212918692264,0.7709432326678757
2022-09-21,0.831891399250668,0.5840785656046454,0.7685752802692661
2022-09-22,0.8199196577746608,0.5866367124796794,0.7359781646311044
2022-09-23,0.7963308208960174,0.5761759978092602,0.6958233108207857
2022-09-26,0.7648704655217011,0.5812724104617706,0.6761741374248319
2022-09-27,0.774437787836912,0.5907835499979839,0.66327629975675
2022-09-28,0.7421421191348205,0.5982939996488796,0.6387905011441609
2022-09-29,0.7385228341310839,0.5824689829605516,0.6315355633192082
2022-09-30,0.7650731010834708,0.5854609196591369,0.6708335266577424
2022-10-03,0.7608969405278838,0.5773729072757965,0.6626213613949624
2022-10-04,0.7830177863127461,0.6211956761645521,0.7027257271777819
2022-10-06,0.7875228743333296,0.6256521870499023,0.6866033022748882
2022-10-07,0.7927115358922807,0.6103638476730524,0.6803559520974708
2022-10-10,0.7792719386835889,0.6325021799005699,0.6644350958512008
2022-10-11,0.755024840791662,0.6122826543938518,0.6499754525932121
2022-10-12,0.7638074748292656,0.6251571814174863,0.6591954611391097
2022-10-13,0.7676293953947717,0.6262094193944487,0.6428714675795925
2022-10-14,0.7615043057688056,0.6244968369398431,0.68861860538775
2022-10-17,0.7807651069413575,0.63301920075966,0.6962264481340329
2022-10-18,0.8022787228463948,0.6466511189744408,0.6935057186318844
2022-10-19,0.8238680056044907,0.6371979378921251,0.7084189872306191
2022-10-20,0.8272596132435672,0.6518637855025016,0.6984936801132261
2022-10-21,0.8125797023057544,0.6436311016295873,0.6882154680745031
2022-10-24,0.8167558628613412,0.653684085316192,0.7108371720211456
2022-10-25,0.7973684990633687,0.6538498734517595,0.700609575827713
2022-10-27,0.8022279624351298,0.6519051202138082,0.7041363243207731
2022-10-28,0.8401930953116736,0.654325334954373,0.7084692196225363
2022-10-31,0.852063315965151,0.6666953089258603,0.7467598509491175
2022-11-01,0.8420659514457038,0.6942279333015011,0.7634362381588001
2022-11-02,0.8500637618446034,0.6867813952015118,0.7643934655966272
2022-11-03,0.8548726001661962,0.6723219965024994,0.7576927457140458
2022-11-04,0.8739058593351847,0.6767279622245668,0.7472133484720725
2022-11-07,0.8809166166169011,0.683471248619415,0.7589523900457039
2022-11-09,0.8796005006736243,0.6761696066541696,0.7584987647049576
2022-11-10,0.8636552342037997,0.6718668653877842,0.7750243269210982
2022-11-11,0.8936729110094188,0.7174991511220634,0.8620848589984428
2022-11-14,0.887218893918456,0.7255872758279887,0.8660144891691678
2022-11-15,0.8812711273291751,0.7243875582968258,0.869994735185183
2022-11-16,0.8737033591345118,0.7337994046678347,0.8840010087380078
2022-11-17,0.8770949667735883,0.7311722917255659,0.8691383559845632
2022-11-18,0.8763860807101367,0.7288764180866769,0.8648559487102992
2022-11-21,0.8527214416173376,0.7040743557541569,0.8481793058650343
2022-11-22,0.8598840740495586,0.7170855793638251,0.8458112256486338
2022-11-23,0.8558344761193921,0.7143343499650507,0.8499930403212727
2022-11-24,0.8669962167927081,0.7440595112013138,0.8761918529706837
2022-11-25,0.8864846953299201,0.7479900154207677,0.8686344982519
2022-11-28,0.9320174610400307,0.750306444092725,0.851101348388224
2022-11-29,0.9343712551506589,0.7511753716108485,0.8486831635976976
2022-11-30,0.9440650047301935,0.7484655892459662,0.8593641294962945
2022-12-01,0.9399900942749428,0.7835689805006869,0.8704987207356375
2022-12-02,0.9394077708369117,0.7684686691312488,0.8580037647452202
2022-12-05,0.9193117916976812,0.7629867653667686,0.8638984656368899
2022-12-06,0.9232348270024271,0.7462109379957989,0.8620848589984428
2022-12-07,0.9031388478631963,0.7442458543699495,0.8613794326091561
2022-12-08,0.9025060347360938,0.7318137660089168,0.8704987207356375
2022-12-09,0.8821822428711061,0.7079010739050036,0.8821370418898525
2022-12-12,0.8842069741556411,0.7052947406409733,0.8949340313207271
2022-12-13,0.8902308136812709,0.7241806600951215,0.8995188554888219
2022-12-14,0.8854218399985814,0.7379364701212376,0.9135753614335634
2022-12-15,0.8666165289164465,0.7130106282999673,0.8828928284888474
2022-12-16,0.8601623764643871,0.6861813679520525,0.8908027046755876
2022-12-19,0.8772213940379121,0.6703774679097183,0.8959417467860536
2022-12-20,0.888610947436985,0.6877121001414255,0.8845048664706708
2022-12-21,0.8697296987795977,0.6978894249297056,0.8685838824066096
2022-12-22,0.8663380911405214,0.6942279333015011,0.862991726226562
2022-12-23,0.8280694786851617,0.6812582690483098,0.8484817227588654
2022-12-26,0.8391298338970445,0.6914145895131816,0.8805246204546556
2022-12-27,0.8495829592291022,0.6941450392337174,0.8821874020995607
2022-12-28,0.8494565319647784,0.6931522199042586,0.8808772697404034
2022-12-29,0.8488742085267473,0.6979720943523193,0.8924652306849105
2022-12-30,0.8508483147611139,0.6929868810590312,0.8792147437310806
2023-01-02,0.8653763505484222,0.6949519646848807,0.879768961673452
2023-01-03,0.8558344761193921,0.715596069563174,0.8905002877817568
2023-01-04,0.8363458622210833,0.7169611259395643,0.8609764231137002
2023-01-05,0.8340678703246107,0.7154929574300772,0.8505472582636439
2023-01-06,0.8456346113992723,0.6743078598065873,0.8452066474965544
2023-01-09,0.8759557677837069,0.7191538874453565,0.8483305143119498
2023-01-10,0.856517914296663,0.7052739609627348,0.8189072422455183
2023-01-11,0.8401930953116736,0.7227739320396691,0.8416800268212853
2023-01-12,0.8125797023057544,0.7251114773576202,0.8502449691876043
2023-01-13,0.8105551063823162,0.7417427455616012,0.8515044857014712
2023-01-16,0.7986593024815614,0.7563403010402532,0.8360372547959473
2023-01-17,0.8162244351956718,0.7751054737154481,0.8598176270192496
2023-01-18,0.8141489434998721,0.7800138583605463,0.8884348800947693
2023-01-19,0.812807650392608,0.7728629533044686,0.8952865527886839
2023-01-20,0.7979253746152191,0.7686319861699447,0.9122654847099886
2023-01-23,0.7916738577249292,0.7905489305822837,0.9245085118340742
2023-01-24,0.7844098398312751,0.7996039281005161,0.9470795999354266
2023-01-25,0.7675025620471578,0.7968323683138436,0.8998713769567787
2023-01-27,0.7446226112319658,0.7889200284535574,0.8667704035859537
2023-01-30,0.7559615395808705,0.798482724056319,0.8651078775766309
2023-01-31,0.7529747969820431,0.7667699023546071,0.8543762958327438
2023-02-01,0.7459135500112553,0.7877778200859515,0.8786101655790012
2023-02-02,0.7393581474588593,0.8098010216637692,0.8542250873858285
2023-02-03,0.7403958256262109,0.8190670733193537,0.9100992287857937
2023-02-06,0.7315119414882707,0.8096106348820709,0.9029952437721741
2023-02-07,0.7287025219261287,0.8149419140599683,0.9054637887724085
2023-02-08,0.7520130563899439,0.8350611354982165,0.9052623479335763
2023-02-09,0.7540884127246468,0.8438407180378502,0.9017860874680151
2023-02-10,0.7442682358807884,0.8424440990150546,0.9083860869311805
2023-02-13,0.7375359163749973,0.8191093066113411,0.9096456034450474
2023-02-14,0.7652501533979628,0.8265986396162432,0.9251130899861536
2023-02-15,0.792508900330511,0.8352937555719022,0.9216871897303006
2023-02-16,0.7915471597384118,0.85111809832472,0.9155909201820075
2023-02-17,0.796685060886098,0.8270428754402062,0.9071770584448128
2023-02-20,0.7836252869147644,0.8211827815317858,0.8915080032470831
2023-02-21,0.7935974742702243,0.8058235666037548,0.8977051210325838
2023-02-22,0.7656551537993084,0.7849005647467255,0.8651581099685478
2023-02-23,0.7598844395245197,0.790083802757497,0.8541243669664121
2023-02-24,0.7680847501240922,0.7844350999541836,0.8397149561003406
2023-02-27,0.7600616272001084,0.7554097084229245,0.8436952021163558
2023-02-28,0.7371307806125549,0.7473703317189209,0.8504464100264365
2023-03-01,0.7479381459346932,0.7781942324823663,0.848884732254321
2023-03-02,0.7389025220073453,0.7510089095397705,0.835180492141954
2023-03-03,0.7689455113380483,0.7597674877559959,0.866871251823161
2023-03-06,0.7807397944162735,0.7723340262513607,0.8783583645304608
2023-03-08,0.78511859053363,0.7801827915284958,0.8816331841571893
2023-03-09,0.7557082789689327,0.7575249673450164,0.8817841369685225
2023-03-10,0.7372067181878073,0.7550498268603512,0.8394126670243008
2023-03-13,0.717869979440003,0.7342958704938565,0.8191591711118499
2023-03-14,0.7135419437339114,0.7059469978924913,0.814926996229503
2023-03-15,0.6938507619543812,0.6991561990441573,0.7923054201006515
2023-03-16,0.6882066103050131,0.6932746515219879,0.8023816800293776
2023-03-17,0.6867893119419484,0.6908631979430591,0.8232904977569896
2023-03-20,0.675728821368969,0.6756309075361604,0.8123071149645619
2023-03-21,0.7103781488205918,0.6598911436899024,0.8301422982686953
2023-03-22,0.7138708711989081,0.6703421986180054,0.826464596964302
2023-03-23,0.699292481083625,0.6677399089670377,0.8137178399253443
2023-03-24,0.6767665672168688,0.6659838576720087,0.8111986790798192
2023-03-27,0.694103819524674,0.6667457417665579,0.8180506074093162
2023-03-28,0.6993937311839615,0.6640375319178666,0.8308982126854813
2023-03-29,0.6926612763170734,0.6737693853337481,0.8385562878236811
2023-03-31,0.7414335037935622,0.702117920967358,0.8604725653810371
2023-04-03,0.7416360039942351,0.6996216638366992,0.8614802808463634
2023-04-05,0.738801271907009,0.7164617397263304,0.9050104190672447
2023-04-06,0.7466978322055722,0.7083801297303394,0.9177068158964942
2023-04-10,0.738295021405327,0.7264472175393064,0.9097464516822548
2023-04-11,0.7441163607302839,0.705460641099126,0.9146335649263891
2023-04-12,0.7493301994532222,0.7172444034991181,0.9363987618546209
2023-04-13,0.7538101103098185,0.6949038906184695,0.9440063489653213
2023-04-17,0.7598591269994355,0.6740231220534276,0.918009104972534
2023-04-18,0.7461412273759154,0.6703207450042565,0.9109052477767053
2023-04-19,0.7520383689150278,0.6529099580598701,0.9170517497169156
2023-04-20,0.749026449152213,0.6593412123133859,0.9232992277121242
2023-04-21,0.7505197527710785,0.6830567782804962,0.9260199572142725
2023-04-24,0.7550756012029269,0.6889592178034891,0.9396735814813494
2023-04-25,0.7642123398695144,0.6894668035654334,0.9154900719448001
2023-04-26,0.7571510928987266,0.6988386630961563,0.9231985072927079
2023-04-27,0.7647185903711966,0.6945230047324875,0.9324688760483136
2023-04-28,0.7867128735306383,0.7077663991255012,0.9391192357211869
2023-05-02,0.7971153738125278,0.7078298613860674,0.9387665864354392
2023-05-03,0.7865103733299654,0.6911170469853236,0.944711775354608
2023-05-04,0.8006334087159279,0.7083801297303394,0.9796266109994624
2023-05-05,0.7974696138026085,0.7126113215100334,0.8766957107033467
2023-05-08,0.8127317128173557,0.721031247132264,0.8956393298922228
2023-05-09,0.8166039877108366,0.7348460265155434,0.895689690101931
2023-05-10,0.8252348819590323,0.7363480041231374,0.9033477652401306
2023-05-11,0.8169836755870983,0.7343806740455865,0.9044562011248732
2023-05-12,0.8190337193967172,0.7310590705598123,0.9191680288847758
2023-05-15,0.8215142114938625,0.7229143352710103,0.9272291135184315
2023-05-16,0.8035693909034904,0.7242258137743207,0.9175466602041992
2023-05-17,0.7962295707956808,0.7033026995947065,0.9085266865014315
2023-05-18,0.7935720263840433,0.699558201576133,0.9152024819147412
2023-05-19,0.7975709992640416,0.7092899426694295,0.9171390492682624
2023-05-22,0.8041767561444124,0.7413829763216129,0.9111767327650809
2023-05-23,0.8039489434186553,0.7406850037779702,0.907252726577166
2023-05-24,0.7967102380500855,0.7433505310443338,0.8854418986974985
2023-05-25,0.7965584982606775,0.739182913847791,0.8791227149214617
2023-05-26,0.8302460851202011,0.7541612428898399,0.8854418986974985
2023-05-29,0.8373835403884349,0.7505435570698138,0.9055200286005091
2023-05-30,0.8370544775623414,0.748787730419955,0.9067941163425656
2023-05-31,0.8117192118139915,0.7374903248133282,0.8803968026635184
2023-06-01,0.8083529166999992,0.7520879926145654,0.8734153949115994
2023-06-02,0.8042780062447488,0.7443024649528263,0.8759631869423391
2023-06-05,0.8154398822791613,0.7372364757710637,0.8738230058475361
2023-06-06,0.8165027376105003,0.7132882897302675,0.8687269105148924
2023-06-07,0.8260194348755427,0.7313128072794919,0.8771862753857317
2023-06-08,0.8267786752669692,0.7150441163801262,0.8782053666344695
2023-06-09,0.8178188535537769,0.703556436314386,0.8801420618057817
2023-06-12,0.8189324692963806,0.7194656949415188,0.870153868335149
2023-06-13,0.8375101030138554,0.7181118708236356,0.8729056575605437
2023-06-14,0.8532022442328389,0.7212216339139625,0.8711220881030141
2023-06-15,0.8535566195840163,0.7166393217333307,0.8510438303822122
2023-06-16,0.8661357263009453,0.6989920957473659,0.8721411793517516
2023-06-19,0.8531770670688514,0.7141245313761349,0.8735681371720084
2023-06-20,0.8558597886444763,0.7214986214087522,0.8769825338266589
2023-06-21,0.8595045215343937,0.7344997359857639,0.9056220271978365
2023-06-22,0.8449258606969172,0.7261023872031329,0.9137756519122756
2023-06-23,0.8344223810368849,0.7166607753470795,0.9136737811327392
2023-06-26,0.8247033189322661,0.7052793524468184,0.9055710278991728
2023-06-27,0.8251589443837799,0.708561755350402,0.9290636822746251
2023-06-28,0.8418887637701151,0.7162769690738857,0.946950631784169
2023-06-30,0.8523923787912442,0.7532763655646362,0.9726854658517515
2023-07-03,0.8855232254600145,0.7405101175130118,0.9914387643496242
2023-07-04,0.8718811280506498,0.756090046320711,1.0
2023-07-05,0.8697296987795977,0.7608212982491493,0.944045972480574
2023-07-06,0.8971909459128189,0.7620787495890398,0.94577854263944
2023-07-07,0.8945840265513498,0.7647857238892952,0.9308982510308185
2023-07-10,0.9459378608642237,0.7403606161522798,0.9268723740633672
2023-07-11,0.9609465639059365,0.7405525754501692,0.9186678778680556
2023-07-12,0.9624906279360668,0.7352242166594836,0.9029211094533144
2023-07-13,0.9499622816304025,0.7696024533049741,0.9112274764281626
2023-07-14,0.9487979054765339,0.8438146591981133,0.9146928723814768
2023-07-17,0.9771452263487954,0.8340318113286089,0.9497534203082275
2023-07-18,0.9891673221527773,0.8362271562538577,0.9483264624879707
2023-07-19,0.9999999999999998,0.824803500061609,0.9560724762664731
2023-07-20,0.9982580380464847,0.8257650937124177,0.959792613077524
2023-07-21,0.9537802767241044,0.7851646351442318,0.946543020848232
2023-07-24,0.9256185359154274,0.7964690047511331,0.9492438107749631
2023-07-25,0.9247411252865763,0.7983492848252525,0.9677933677137628
2023-07-26,0.9468974356787756,0.7937121592231051,0.9617799240941266
2023-07-27,0.9340094349391626,0.7973874665292737,0.9438931024023737
2023-07-28,0.9478024599713548,0.7796518426688566,0.9136737811327392
2023-07-31,0.9595388085001895,0.8078795192009283,0.9215215378729867
2023-08-01,0.9397679667152476,0.8209570131357893,0.9327836912678847
2023-08-02,0.9250427098100382,0.8160849086856696,0.9106161239331528
2023-08-03,0.9193115209754879,0.7986909701290441,0.89853862084859
2023-08-04,0.9377662468171528,0.8173246130571186,0.9225406291217243
2023-08-07,0.945608933399227,0.8346329618039188,0.9215725371716504
2023-08-08,0.9372724495363678,0.8288849658354009,0.9201967064678488
2023-08-09,0.9463490878760177,0.8254231837634558,0.9208081867806496
2023-08-10,0.952518846663897,0.8167048170326867,0.9058767680555732
2023-08-11,0.9583870209283143,0.8195681443713636,0.8884994280792936
2023-08-14,0.9748947127549541,0.8200169854213146,0.8804478019621821
2023-08-16,0.9737430605441759,0.8236708391137344,0.8756574467859385
2023-08-17,0.9533690497123102,0.8139909910547416,0.8665866016022984
2023-08-18,0.9636795044484392,0.7846521071885444,0.8599108061889885
2023-08-21,0.9483792336044208,0.7994176972544653,0.8586368462647233
2023-08-22,0.9480489525284572,0.7910836984098155,0.8517061821758857
2023-08-23,0.94959003861446,0.7979645799713779,0.8556811876624645
2023-08-24,0.926254597708851,0.7934771803751328,0.8482410418581537
2023-08-25,0.9199529972127796,0.7907204471696898,0.8300992236730821
2023-08-28,0.9064137742369118,0.7882632782986363,0.8466612139596968
2023-08-29,0.893535384135165,0.7885197107603577,0.8594523237721791
2023-08-30,0.8922696225198632,0.7948447078483947,0.8476294337275617
2023-08-31,0.8861879838059397,0.7802499604343693,0.8402402872219149
2023-09-01,0.8892973635583832,0.7898229897149578,0.8435526852792378
2023-09-04,0.8882242207836946,0.8066189228286555,0.8535918780485342
2023-09-05,0.8953241810281405,0.8112558237856329,0.8437565546561018
2023-09-06,0.8981308933683485,0.8114908026336052,0.8647520328461048
2023-09-07,0.8999470332028587,0.8223247652542214,0.8803968026635184
2023-09-08,0.9088629979207181,0.8166192272228612,0.8931877846582096
2023-09-11,0.9233926580411866,0.8331799568434164,0.9017491481263765
2023-09-12,0.9037171104683264,0.8759809271757644,0.9069471142385569
2023-09-13,0.9104315623093522,0.870446568764055,0.914081392068676
2023-09-14,0.9116698456220227,0.8671130590842633,0.9130621730021472
2023-09-15,0.9141740259110918,0.8834600388254248,0.9322742095524116
2023-09-18,0.9023962568866648,0.8868148897963806,0.8989463596023181
2023-09-20,0.8725113693169151,0.8867720948914677,0.8323414033652125
2023-09-21,0.8629624561108562,0.8779041144773816,0.8217927288804426
2023-09-22,0.8575413795488602,0.8857465896897527,0.797637722711317
2023-09-25,0.8495611660925324,0.8744212157594429,0.7990135534151189
2023-09-26,0.8506894008335806,0.8780752940970327,0.8057913474257562
2023-09-27,0.8652190609540493,0.8796136642221903,0.7947839348885947
2023-09-28,0.8460664132977658,0.8571553249498003,0.7915734076108082
2023-09-29,0.8520653463816015,0.8536724262318616,0.7942233260566666
2023-10-03,0.83728797545416,0.8473684334672331,0.7756228976369942
2023-10-04,0.8350864625773267,0.8575826000634172,0.7975357241139894
2023-10-05,0.8350591196357919,0.8796350055133542,0.803854780072235
2023-10-06,0.8372054051851692,0.8933322954726473,0.802122209913369
2023-10-09,0.826335638397449,0.9005764282743354,0.7839802639105061
2023-10-10,0.8319218554974268,0.896537757405456,0.7927454967555371
2023-10-11,0.852092824684233,0.888417620762785,0.8077787862601499
2023-10-12,0.8544868210405829,0.8596341720797729,0.8182255899653831
2023-10-13,0.8544318644353202,0.8717289557178318,0.803854780072235
2023-10-16,0.8515424464650245,0.8517277853164953,0.7975867234126534
2023-10-17,0.8577065200868421,0.8444625358688136,0.8094093578216884
2023-10-18,0.8405076745004194,0.8360006015997656,0.7875475306433569
2023-10-19,0.8306835721847565,0.8263169345728805,0.782655432505368
2023-10-20,0.8268035817087631,0.8429848199395951,0.7906560593238158
2023-10-23,0.807045328505815,0.806821328126957,0.7735845873217279
2023-10-25,0.8041560458966162,0.7982303352076603,0.7638512625266228
2023-10-26,0.7868468810163776,0.7753710043065603,0.7301155460050103
2023-10-27,0.8084763660201955,0.7814552940947861,0.7359759917286551
2023-10-30,0.8341784603406199,0.7932815144319358,0.7522323696766607
2023-10-31,0.820639372725849,0.7890823345889875,0.7434671368316296
2023-11-01,0.8258678304472316,0.7727573700745003,0.741428570880781
2023-11-02,0.8384162101952082,0.7853760262493388,0.7437220055071573
2023-11-03,0.838141021085604,0.7814340651262073,0.7508562833372766
2023-11-06,0.8487630770663512,0.7940099263961333,0.7618128243935652
2023-11-07,0.8403974905677003,0.78981085887577,0.7544235500701272
2023-11-08,0.8470569858034633,0.7945667094503392,0.758806294310434
2023-11-09,0.8331051822048345,0.7799556752614785,0.7527928506907976
2023-11-10,0.8354993139222813,0.7739571999282484,0.7587551671939791
2023-11-13,0.8353343087453962,0.7731430858316404,0.7560033779685843
2023-11-15,0.8583669468776729,0.8043148496410564,0.7719028886437344
2023-11-16,0.8607059866287601,0.8443987366404921,0.7759286377933946
2023-11-17,0.857871660624824,0.8463697733633504,0.7726162397360715
2023-11-20,0.8544593427379514,0.853718029201401,0.7727181105156081
2023-11-21,0.8707225724239396,0.8496902536232738,0.7857129618871633
2023-11-22,0.8758409815736998,0.8582385639602428,0.7802095112541648
2023-11-23,0.8798587696461402,0.8488549105580872,0.7891274863596048
2023-11-24,0.8789781103509682,0.8269380784683333,0.8001347710789751
2023-11-28,0.8792532994605724,0.8325298337210147,0.796618375826997
2023-11-29,0.8827205739527078,0.8512115507155005,0.8277041739027514
2023-11-30,0.869924618758855,0.8400068112415588,0.8273474344476873
2023-12-01,0.8791983428553096,0.8503113975187266,0.8238821663121642
2023-12-04,0.8934528138661741,0.8506544306935391,0.8789189733623889
2023-12-05,0.9031117756438551,0.8588599325008657,0.8934933969968187
2023-12-06,0.9159628228040673,0.8899244282415371,0.8976723996780526
2023-12-07,0.9137336962635056,0.8945518941013682,0.9003730617869924
2023-12-08,0.9130181775063155,0.8996079829458372,0.9235598481882531
2023-12-11,0.9149995932399042,0.906549294058169,0.921317796313914
2023-12-12,0.8955716211129199,0.9190606821642631,0.9046028081313077
2023-12-13,0.9010201759775474,0.8854040058052806,0.9008317998393841
2023-12-14,0.9176413004032271,0.9169827143404155,0.9204513195077942
2023-12-15,0.9349503299223689,1.0,0.9269743726606948
2023-12-18,0.9489296118236292,0.9992284561631346,0.9261078958545751
2023-12-19,0.9693481564563113,0.980804294856221,0.923254235849644
2023-12-20,0.9523143160467737,0.9653147857295055,0.9274328550775043
2023-12-21,0.9717973801401176,0.9685069935972757,0.9577031756458027
2023-12-22,0.9731733256881385,0.9841462287298932,0.9415487962951247
2023-12-26,0.9803279718156537,0.9719559708945225,0.953371558521951
2023-12-27,0.9851713272169067,0.9786617415459564,0.9746220332052727
2023-12-28,0.9954631021216904,0.9738201888389766,0.9766093442218754
2023-12-29,0.984125392022656,0.9710348133743401,0.9806862204879904
